provincename,districtname,sectorname,cellname,village,upi,size,land_use_name_kinyarwanda,transaction_type_name,sale_price,start_date,latitude,longitude,polygon_wkt
Southern,Nyamasheke,Mushwere,Kaduha,Village_1,UPI_1,1168,Umurimo,Sale,5308163,2020-01-01,-1.4718341751671478,29.537124334907286,"POLYGON((0 0, 1 0, 1 1, 0 1, 0 0))"
Kigali,Kicukiro,Ruhengeri,Biryogo,Village_2,UPI_2,2837,Imyidyo,Sale,6784851,2020-01-02,-2.001315764276932,29.201956213635523,"POLYGON((0 0, 1 0, 1 1, 0 1, 0 0))"
Northern,Gicumbi,Ruhengeri,Giharo,Village_3,UPI_3,1300,Gutura,Inheritance,2098099,2020-01-03,-2.4151215157799264,29.334982178188216,"POLYGON((0 0, 1 0, 1 1, 0 1, 0 0))"
Kigali,Nyaruguru,Ngarama,Biryogo,Village_4,UPI_4,640,Gutura,Inheritance,1695885,2020-01-04,-1.9391184294807795,29.29455112710418,"POLYGON((0 0, 1 0, 1 1, 0 1, 0 0))"
Kigali,Bugesera,Gashora,Mukarange,Village_5,UPI_5,969,Imyidyo,Transfer by Voluntary Sale,4398190,2020-01-05,-1.0833271259585449,30.946153595824597,"POLYGON((0 0, 1 0, 1 1, 0 1, 0 0))"
Western,Nyamasheke,Mushwere,Biryogo,Village_6,UPI_6,1543,Imyidyo,Inheritance,7886133,2020-01-06,-1.5373984040521627,30.518585013836947,"POLYGON((0 0, 1 0, 1 1, 0 1, 0 0))"
Northern,Kicukiro,Ngarama,Mukarange,Village_7,UPI_7,4558,Ingano,Sale,3888445,2020-01-07,-1.4927812769991897,30.935522930539125,"POLYGON((0 0, 1 0, 1 1, 0 1, 0 0))"
Northern,Nyaruguru,Gashora,Kaduha,Village_8,UPI_8,3929,Imyidyo,Transfer by Voluntary Sale,3242974,2020-01-08,-1.5515767695435403,29.879480973015816,"POLYGON((0 0, 1 0, 1 1, 0 1, 0 0))"
Northern,Kicukiro,Nyakabanda,Mukarange,Village_9,UPI_9,4106,Umurimo,Sale,8697590,2020-01-09,-2.201511791560845,29.556736963325314,"POLYGON((0 0, 1 0, 1 1, 0 1, 0 0))"
Kigali,Gisagara,Ruhengeri,Mukarange,Village_10,UPI_10,1777,Umurimo,Transfer by Voluntary Sale,8682535,2020-01-10,-1.8724992038465798,30.596586394418374,"POLYGON((0 0, 1 0, 1 1, 0 1, 0 0))"
Southern,Nyamasheke,Gashora,Nyabihu,Village_11,UPI_11,4208,Ingano,Inheritance,8566513,2020-01-11,-1.3735903024550227,29.652507836082293,"POLYGON((0 0, 1 0, 1 1, 0 1, 0 0))"
Northern,Nyaruguru,Nyakabanda,Giharo,Village_12,UPI_12,3551,Gutura,Sale,3084182,2020-01-12,-2.3479406536702614,29.598766747410696,"POLYGON((0 0, 1 0, 1 1, 0 1, 0 0))"
Kigali,Gasabo,Gashora,Giharo,Village_13,UPI_13,4995,Gutura,Transfer by Voluntary Sale,4863089,2020-01-13,-2.083220835865432,29.46501198441566,"POLYGON((0 0, 1 0, 1 1, 0 1, 0 0))"
Western,Musanze,Ruhengeri,Kaduha,Village_14,UPI_14,2549,Imyidyo,Transfer by Voluntary Sale,3297921,2020-01-14,-2.08552133730122,29.259357956448472,"POLYGON((0 0, 1 0, 1 1, 0 1, 0 0))"
Southern,Musanze,Ruhengeri,Kaduha,Village_15,UPI_15,3802,Umurimo,Inheritance,9157768,2020-01-15,-1.851971608608241,29.512926122033534,"POLYGON((0 0, 1 0, 1 1, 0 1, 0 0))"
Western,Nyaruguru,Ngarama,Giharo,Village_16,UPI_16,1441,Gutura,Inheritance,941904,2020-01-16,-1.0294468885867225,29.710639496947774,"POLYGON((0 0, 1 0, 1 1, 0 1, 0 0))"
Southern,Kicukiro,Mushwere,Nyabihu,Village_17,UPI_17,1325,Ingano,Inheritance,5570414,2020-01-17,-2.398746179974267,30.34798841629146,"POLYGON((0 0, 1 0, 1 1, 0 1, 0 0))"
Kigali,Nyamasheke,Gashora,Giharo,Village_18,UPI_18,2801,Ingano,Sale,5592792,2020-01-18,-1.7219485084291075,29.125129684438903,"POLYGON((0 0, 1 0, 1 1, 0 1, 0 0))"
Eastern,Musanze,Gashora,Nyabihu,Village_19,UPI_19,1390,Umurimo,Transfer by Voluntary Sale,1078526,2020-01-19,-2.2309529769816843,29.421013879330687,"POLYGON((0 0, 1 0, 1 1, 0 1, 0 0))"
Southern,Nyamasheke,Nyakabanda,Kaduha,Village_20,UPI_20,4331,Ingano,Inheritance,7112208,2020-01-20,-1.0439851818853838,30.618047280583355,"POLYGON((0 0, 1 0, 1 1, 0 1, 0 0))"
Western,Musanze,Ruhengeri,Biryogo,Village_21,UPI_21,4648,Ingano,Sale,8087676,2020-01-21,-2.330044742908804,29.29384384716754,"POLYGON((0 0, 1 0, 1 1, 0 1, 0 0))"
Kigali,Gisagara,Gashora,Kaduha,Village_22,UPI_22,272,Umurimo,Sale,1337393,2020-01-22,-1.894598496457613,29.685290293045043,"POLYGON((0 0, 1 0, 1 1, 0 1, 0 0))"
Southern,Kicukiro,Ruhengeri,Kaduha,Village_23,UPI_23,2114,Imyidyo,Sale,5634544,2020-01-23,-1.3931725227480907,30.72931784371628,"POLYGON((0 0, 1 0, 1 1, 0 1, 0 0))"
Eastern,Gisagara,Gashora,Mukarange,Village_24,UPI_24,2672,Imyidyo,Inheritance,1314422,2020-01-24,-1.4431683579588321,29.309850622286884,"POLYGON((0 0, 1 0, 1 1, 0 1, 0 0))"
Eastern,Musanze,Ngarama,Mukarange,Village_25,UPI_25,3246,Ingano,Inheritance,5805431,2020-01-25,-1.8659070446591017,29.16547367123638,"POLYGON((0 0, 1 0, 1 1, 0 1, 0 0))"
Northern,Gasabo,Mushwere,Mukarange,Village_26,UPI_26,907,Imyidyo,Transfer by Voluntary Sale,9623591,2020-01-26,-1.9802137480709225,29.96907599016002,"POLYGON((0 0, 1 0, 1 1, 0 1, 0 0))"
Northern,Gasabo,Gashora,Mukarange,Village_27,UPI_27,2004,Imyidyo,Transfer by Voluntary Sale,2763429,2020-01-27,-1.903581432170694,29.604839022557073,"POLYGON((0 0, 1 0, 1 1, 0 1, 0 0))"
Western,Gisagara,Ruhengeri,Nyabihu,Village_28,UPI_28,3913,Ingano,Inheritance,3635812,2020-01-28,-2.103585605262041,30.126816728967707,"POLYGON((0 0, 1 0, 1 1, 0 1, 0 0))"
Southern,Gasabo,Ngarama,Giharo,Village_29,UPI_29,2764,Imyidyo,Sale,3438687,2020-01-29,-2.1920005919398005,30.60760978096695,"POLYGON((0 0, 1 0, 1 1, 0 1, 0 0))"
Southern,Musanze,Gashora,Biryogo,Village_30,UPI_30,2675,Ingano,Sale,5653435,2020-01-30,-1.775440453661665,29.274296976305486,"POLYGON((0 0, 1 0, 1 1, 0 1, 0 0))"
Northern,Nyaruguru,Nyakabanda,Kaduha,Village_31,UPI_31,3810,Gutura,Sale,1916842,2020-01-31,-2.097199365898589,30.16139816910857,"POLYGON((0 0, 1 0, 1 1, 0 1, 0 0))"
Southern,Gisagara,Mushwere,Nyabihu,Village_32,UPI_32,4455,Umurimo,Transfer by Voluntary Sale,4189024,2020-02-01,-2.068807502654125,30.011017520779728,"POLYGON((0 0, 1 0, 1 1, 0 1, 0 0))"
Southern,Gatsibo,Gashora,Biryogo,Village_33,UPI_33,3023,Umurimo,Sale,4896650,2020-02-02,-1.5148659047881643,29.2881575720264,"POLYGON((0 0, 1 0, 1 1, 0 1, 0 0))"
Eastern,Kicukiro,Ngarama,Nyabihu,Village_34,UPI_34,1935,Imyidyo,Transfer by Voluntary Sale,4202418,2020-02-03,-1.0471940024501616,30.247996971057965,"POLYGON((0 0, 1 0, 1 1, 0 1, 0 0))"
Northern,Gasabo,Nyakabanda,Nyabihu,Village_35,UPI_35,1785,Imyidyo,Transfer by Voluntary Sale,4141771,2020-02-04,-1.5945441991609375,29.547280835721544,"POLYGON((0 0, 1 0, 1 1, 0 1, 0 0))"
Kigali,Gasabo,Ngarama,Kaduha,Village_36,UPI_36,266,Imyidyo,Sale,6928099,2020-02-05,-2.3845307994025506,29.975668637088024,"POLYGON((0 0, 1 0, 1 1, 0 1, 0 0))"
Northern,Bugesera,Ngarama,Giharo,Village_37,UPI_37,3261,Umurimo,Sale,4579441,2020-02-06,-2.3866245792188994,29.164544648554124,"POLYGON((0 0, 1 0, 1 1, 0 1, 0 0))"
Kigali,Gicumbi,Nyakabanda,Mukarange,Village_38,UPI_38,2628,Gutura,Inheritance,5856430,2020-02-07,-1.072865168731651,29.919168114427247,"POLYGON((0 0, 1 0, 1 1, 0 1, 0 0))"
Eastern,Gisagara,Ngarama,Giharo,Village_39,UPI_39,4353,Gutura,Inheritance,7275602,2020-02-08,-2.0540638145389996,29.61292693608564,"POLYGON((0 0, 1 0, 1 1, 0 1, 0 0))"
Western,Nyamagabe,Nyakabanda,Kaduha,Village_40,UPI_40,541,Umurimo,Sale,1460652,2020-02-09,-2.3618995208762867,30.644762422370707,"POLYGON((0 0, 1 0, 1 1, 0 1, 0 0))"
Southern,Gasabo,Gashora,Kaduha,Village_41,UPI_41,2974,Gutura,Transfer by Voluntary Sale,2688370,2020-02-10,-1.6014331192744278,29.113957453994736,"POLYGON((0 0, 1 0, 1 1, 0 1, 0 0))"
Eastern,Kicukiro,Nyakabanda,Kaduha,Village_42,UPI_42,3017,Umurimo,Transfer by Voluntary Sale,7485945,2020-02-11,-1.564526832564601,29.83721454983666,"POLYGON((0 0, 1 0, 1 1, 0 1, 0 0))"
Southern,Gatsibo,Nyakabanda,Biryogo,Village_43,UPI_43,2861,Gutura,Transfer by Voluntary Sale,9644220,2020-02-12,-1.5272427698219677,29.916862848262877,"POLYGON((0 0, 1 0, 1 1, 0 1, 0 0))"
Western,Gasabo,Mushwere,Giharo,Village_44,UPI_44,1432,Ingano,Transfer by Voluntary Sale,4494528,2020-02-13,-2.098896958213688,30.450012152598237,"POLYGON((0 0, 1 0, 1 1, 0 1, 0 0))"
Western,Gatsibo,Nyakabanda,Giharo,Village_45,UPI_45,4074,Ingano,Transfer by Voluntary Sale,2576475,2020-02-14,-2.4773339736782876,30.14857515018042,"POLYGON((0 0, 1 0, 1 1, 0 1, 0 0))"
Eastern,Musanze,Nyakabanda,Nyabihu,Village_46,UPI_46,2601,Umurimo,Inheritance,2641912,2020-02-15,-1.052476945818292,30.334424674388362,"POLYGON((0 0, 1 0, 1 1, 0 1, 0 0))"
Western,Musanze,Gashora,Nyabihu,Village_47,UPI_47,1694,Gutura,Sale,3644311,2020-02-16,-2.123660431463346,30.554098571303513,"POLYGON((0 0, 1 0, 1 1, 0 1, 0 0))"
Kigali,Gicumbi,Mushwere,Nyabihu,Village_48,UPI_48,4411,Imyidyo,Inheritance,785622,2020-02-17,-1.4859605679211787,30.724405947316377,"POLYGON((0 0, 1 0, 1 1, 0 1, 0 0))"
Western,Nyaruguru,Ruhengeri,Kaduha,Village_49,UPI_49,861,Gutura,Transfer by Voluntary Sale,2462889,2020-02-18,-1.4400551951819356,29.62775099344494,"POLYGON((0 0, 1 0, 1 1, 0 1, 0 0))"
Southern,Nyamagabe,Gashora,Giharo,Village_50,UPI_50,4083,Ingano,Transfer by Voluntary Sale,1896436,2020-02-19,-1.5849888743807714,30.076045410727804,"POLYGON((0 0, 1 0, 1 1, 0 1, 0 0))"
Southern,Bugesera,Gashora,Kaduha,Village_51,UPI_51,3819,Ingano,Transfer by Voluntary Sale,9556148,2020-02-20,-2.030638908679528,30.6802161568784,"POLYGON((0 0, 1 0, 1 1, 0 1, 0 0))"
Southern,Gicumbi,Ruhengeri,Biryogo,Village_52,UPI_52,2068,Gutura,Transfer by Voluntary Sale,2695690,2020-02-21,-2.0933556193539014,30.978902261930113,"POLYGON((0 0, 1 0, 1 1, 0 1, 0 0))"
Southern,Nyamasheke,Nyakabanda,Nyabihu,Village_53,UPI_53,2534,Gutura,Sale,5670080,2020-02-22,-1.6034975759459453,30.779038622087526,"POLYGON((0 0, 1 0, 1 1, 0 1, 0 0))"
Kigali,Bugesera,Ngarama,Kaduha,Village_54,UPI_54,3574,Imyidyo,Transfer by Voluntary Sale,5205815,2020-02-23,-1.2008565495824628,29.742934525248753,"POLYGON((0 0, 1 0, 1 1, 0 1, 0 0))"
Northern,Gisagara,Mushwere,Kaduha,Village_55,UPI_55,1216,Imyidyo,Sale,3482410,2020-02-24,-1.0798994066149066,29.3903330344373,"POLYGON((0 0, 1 0, 1 1, 0 1, 0 0))"
Eastern,Kicukiro,Ngarama,Biryogo,Village_56,UPI_56,4606,Gutura,Transfer by Voluntary Sale,7174192,2020-02-25,-2.3411412933943634,29.978785074813178,"POLYGON((0 0, 1 0, 1 1, 0 1, 0 0))"
Southern,Nyamasheke,Ruhengeri,Mukarange,Village_57,UPI_57,407,Gutura,Sale,1904355,2020-02-26,-2.2677570811034204,30.483282903672084,"POLYGON((0 0, 1 0, 1 1, 0 1, 0 0))"
Western,Nyamasheke,Gashora,Giharo,Village_58,UPI_58,2865,Gutura,Inheritance,5556093,2020-02-27,-1.0828956118253805,29.985138141506596,"POLYGON((0 0, 1 0, 1 1, 0 1, 0 0))"
Southern,Gicumbi,Gashora,Mukarange,Village_59,UPI_59,2693,Gutura,Transfer by Voluntary Sale,2964722,2020-02-28,-1.3951971574978113,29.966361726627337,"POLYGON((0 0, 1 0, 1 1, 0 1, 0 0))"
Western,Nyaruguru,Mushwere,Nyabihu,Village_60,UPI_60,832,Umurimo,Sale,7059442,2020-02-29,-1.1755092627553405,30.6764608421636,"POLYGON((0 0, 1 0, 1 1, 0 1, 0 0))"
Western,Gicumbi,Gashora,Kaduha,Village_61,UPI_61,2302,Gutura,Inheritance,6130761,2020-03-01,-2.1960510487969853,29.722807558134374,"POLYGON((0 0, 1 0, 1 1, 0 1, 0 0))"
Southern,Gisagara,Gashora,Biryogo,Village_62,UPI_62,3159,Imyidyo,Transfer by Voluntary Sale,3401092,2020-03-02,-1.6186211933358972,30.71958934962329,"POLYGON((0 0, 1 0, 1 1, 0 1, 0 0))"
Kigali,Gasabo,Mushwere,Biryogo,Village_63,UPI_63,3283,Ingano,Transfer by Voluntary Sale,2222907,2020-03-03,-1.4482906083737896,29.813609601903448,"POLYGON((0 0, 1 0, 1 1, 0 1, 0 0))"
Western,Gasabo,Mushwere,Giharo,Village_64,UPI_64,4952,Umurimo,Transfer by Voluntary Sale,3370574,2020-03-04,-1.479832171829541,29.65646621135668,"POLYGON((0 0, 1 0, 1 1, 0 1, 0 0))"
Western,Nyaruguru,Ruhengeri,Mukarange,Village_65,UPI_65,2131,Gutura,Sale,7382799,2020-03-05,-1.8877724636999529,29.907979822399398,"POLYGON((0 0, 1 0, 1 1, 0 1, 0 0))"
Southern,Gisagara,Gashora,Giharo,Village_66,UPI_66,3919,Ingano,Sale,8452017,2020-03-06,-2.476907662463037,30.524893917349736,"POLYGON((0 0, 1 0, 1 1, 0 1, 0 0))"
Western,Nyaruguru,Gashora,Kaduha,Village_67,UPI_67,2762,Umurimo,Inheritance,7421983,2020-03-07,-1.6256109147936053,29.252004055727987,"POLYGON((0 0, 1 0, 1 1, 0 1, 0 0))"
Western,Gatsibo,Ruhengeri,Giharo,Village_68,UPI_68,1879,Ingano,Sale,7026925,2020-03-08,-2.1203476912305868,29.392838431744035,"POLYGON((0 0, 1 0, 1 1, 0 1, 0 0))"
Southern,Gasabo,Nyakabanda,Biryogo,Village_69,UPI_69,436,Gutura,Sale,5865986,2020-03-09,-1.8246186307856644,30.902889651326184,"POLYGON((0 0, 1 0, 1 1, 0 1, 0 0))"
Southern,Nyamasheke,Nyakabanda,Biryogo,Village_70,UPI_70,4643,Gutura,Transfer by Voluntary Sale,7259291,2020-03-10,-1.063628477374274,29.350983254762713,"POLYGON((0 0, 1 0, 1 1, 0 1, 0 0))"
Eastern,Nyamagabe,Nyakabanda,Nyabihu,Village_71,UPI_71,4925,Imyidyo,Transfer by Voluntary Sale,8843528,2020-03-11,-1.9014470235363479,30.13545463586211,"POLYGON((0 0, 1 0, 1 1, 0 1, 0 0))"
Kigali,Kicukiro,Ruhengeri,Nyabihu,Village_72,UPI_72,1740,Gutura,Transfer by Voluntary Sale,6032388,2020-03-12,-1.24029759000336,30.158628933323875,"POLYGON((0 0, 1 0, 1 1, 0 1, 0 0))"
Kigali,Gisagara,Gashora,Kaduha,Village_73,UPI_73,4143,Gutura,Transfer by Voluntary Sale,8520364,2020-03-13,-2.2171890913761234,29.97924892410049,"POLYGON((0 0, 1 0, 1 1, 0 1, 0 0))"
Western,Bugesera,Ruhengeri,Mukarange,Village_74,UPI_74,563,Umurimo,Transfer by Voluntary Sale,7951747,2020-03-14,-1.4913092529624568,30.289490497153636,"POLYGON((0 0, 1 0, 1 1, 0 1, 0 0))"
Kigali,Nyaruguru,Ruhengeri,Giharo,Village_75,UPI_75,2568,Imyidyo,Transfer by Voluntary Sale,4381857,2020-03-15,-1.0344895683415847,29.459653451595237,"POLYGON((0 0, 1 0, 1 1, 0 1, 0 0))"
Western,Kicukiro,Nyakabanda,Kaduha,Village_76,UPI_76,485,Umurimo,Transfer by Voluntary Sale,5037871,2020-03-16,-2.3471603486905948,30.105324535553496,"POLYGON((0 0, 1 0, 1 1, 0 1, 0 0))"
Eastern,Bugesera,Ngarama,Nyabihu,Village_77,UPI_77,348,Ingano,Inheritance,791464,2020-03-17,-2.487520086659212,29.744346510493795,"POLYGON((0 0, 1 0, 1 1, 0 1, 0 0))"
Southern,Kicukiro,Gashora,Giharo,Village_78,UPI_78,4237,Gutura,Inheritance,5239400,2020-03-18,-1.8496258110510784,30.323334519258378,"POLYGON((0 0, 1 0, 1 1, 0 1, 0 0))"
Southern,Nyamagabe,Nyakabanda,Nyabihu,Village_79,UPI_79,4751,Ingano,Inheritance,618581,2020-03-19,-2.3610617754229493,29.2824470867463,"POLYGON((0 0, 1 0, 1 1, 0 1, 0 0))"
Southern,Bugesera,Ngarama,Giharo,Village_80,UPI_80,1966,Umurimo,Inheritance,5870807,2020-03-20,-1.377423475485653,30.141754833678952,"POLYGON((0 0, 1 0, 1 1, 0 1, 0 0))"
Kigali,Gicumbi,Ngarama,Mukarange,Village_81,UPI_81,1212,Gutura,Transfer by Voluntary Sale,4352256,2020-03-21,-1.1281770042271617,29.370540710766647,"POLYGON((0 0, 1 0, 1 1, 0 1, 0 0))"
Eastern,Musanze,Mushwere,Kaduha,Village_82,UPI_82,3031,Gutura,Inheritance,9227148,2020-03-22,-1.8489685409368617,29.55728612623007,"POLYGON((0 0, 1 0, 1 1, 0 1, 0 0))"
Kigali,Gicumbi,Gashora,Giharo,Village_83,UPI_83,2707,Umurimo,Transfer by Voluntary Sale,1001590,2020-03-23,-2.1119325367668385,29.437419600647168,"POLYGON((0 0, 1 0, 1 1, 0 1, 0 0))"
Kigali,Gasabo,Ngarama,Biryogo,Village_84,UPI_84,1723,Umurimo,Inheritance,3860492,2020-03-24,-1.8483950214900853,29.365675559737635,"POLYGON((0 0, 1 0, 1 1, 0 1, 0 0))"
Eastern,Musanze,Nyakabanda,Biryogo,Village_85,UPI_85,2985,Umurimo,Sale,1372328,2020-03-25,-1.4148282732249986,30.651421903121335,"POLYGON((0 0, 1 0, 1 1, 0 1, 0 0))"
Eastern,Gicumbi,Mushwere,Giharo,Village_86,UPI_86,2756,Umurimo,Inheritance,5309479,2020-03-26,-2.4864187576294436,29.571415135321782,"POLYGON((0 0, 1 0, 1 1, 0 1, 0 0))"
Eastern,Musanze,Gashora,Giharo,Village_87,UPI_87,3925,Umurimo,Inheritance,3610691,2020-03-27,-1.6158190157729542,30.854247563728897,"POLYGON((0 0, 1 0, 1 1, 0 1, 0 0))"
Eastern,Musanze,Ruhengeri,Giharo,Village_88,UPI_88,4776,Gutura,Transfer by Voluntary Sale,1858097,2020-03-28,-1.5800624726689314,30.93985305069038,"POLYGON((0 0, 1 0, 1 1, 0 1, 0 0))"
Southern,Nyamasheke,Nyakabanda,Biryogo,Village_89,UPI_89,1801,Umurimo,Inheritance,8813157,2020-03-29,-1.5434676296560967,30.142520939874196,"POLYGON((0 0, 1 0, 1 1, 0 1, 0 0))"
Northern,Nyaruguru,Ngarama,Biryogo,Village_90,UPI_90,2608,Gutura,Sale,1794315,2020-03-30,-2.1369668800286843,29.286002245331453,"POLYGON((0 0, 1 0, 1 1, 0 1, 0 0))"
Northern,Nyaruguru,Ngarama,Giharo,Village_91,UPI_91,540,Gutura,Transfer by Voluntary Sale,6587595,2020-03-31,-1.42892091493281,29.749096486759164,"POLYGON((0 0, 1 0, 1 1, 0 1, 0 0))"
Eastern,Nyamasheke,Nyakabanda,Nyabihu,Village_92,UPI_92,3017,Umurimo,Transfer by Voluntary Sale,3075508,2020-04-01,-2.3629127705023354,30.59546452669643,"POLYGON((0 0, 1 0, 1 1, 0 1, 0 0))"
Northern,Kicukiro,Ngarama,Nyabihu,Village_93,UPI_93,2696,Umurimo,Inheritance,5010784,2020-04-02,-2.201094495299799,29.734781457394142,"POLYGON((0 0, 1 0, 1 1, 0 1, 0 0))"
Northern,Gatsibo,Mushwere,Mukarange,Village_94,UPI_94,1925,Imyidyo,Transfer by Voluntary Sale,664074,2020-04-03,-1.183794930018277,29.174034436605577,"POLYGON((0 0, 1 0, 1 1, 0 1, 0 0))"
Eastern,Kicukiro,Gashora,Kaduha,Village_95,UPI_95,1889,Gutura,Transfer by Voluntary Sale,3070466,2020-04-04,-1.3919152739101506,30.113569821856377,"POLYGON((0 0, 1 0, 1 1, 0 1, 0 0))"
Northern,Bugesera,Mushwere,Nyabihu,Village_96,UPI_96,3467,Umurimo,Transfer by Voluntary Sale,9679253,2020-04-05,-2.479381668982982,30.69024170299207,"POLYGON((0 0, 1 0, 1 1, 0 1, 0 0))"
Kigali,Bugesera,Ngarama,Biryogo,Village_97,UPI_97,4606,Umurimo,Transfer by Voluntary Sale,3787093,2020-04-06,-2.1274356094452997,30.591852774287005,"POLYGON((0 0, 1 0, 1 1, 0 1, 0 0))"
Western,Musanze,Ruhengeri,Nyabihu,Village_98,UPI_98,461,Umurimo,Transfer by Voluntary Sale,1517481,2020-04-07,-2.178390275510253,29.350246280260706,"POLYGON((0 0, 1 0, 1 1, 0 1, 0 0))"
Western,Gicumbi,Gashora,Mukarange,Village_99,UPI_99,1642,Imyidyo,Transfer by Voluntary Sale,4094804,2020-04-08,-2.093790507944541,30.345529228824933,"POLYGON((0 0, 1 0, 1 1, 0 1, 0 0))"
Eastern,Gicumbi,Gashora,Mukarange,Village_100,UPI_100,605,Imyidyo,Sale,8951115,2020-04-09,-2.1286603445801706,29.441008526871293,"POLYGON((0 0, 1 0, 1 1, 0 1, 0 0))"
Southern,Nyaruguru,Nyakabanda,Kaduha,Village_101,UPI_101,2390,Ingano,Inheritance,9994318,2020-04-10,-2.4062105563857314,29.436415069104346,"POLYGON((0 0, 1 0, 1 1, 0 1, 0 0))"
Eastern,Gisagara,Nyakabanda,Nyabihu,Village_102,UPI_102,4637,Gutura,Sale,2838377,2020-04-11,-1.8115892251047696,30.748143546610372,"POLYGON((0 0, 1 0, 1 1, 0 1, 0 0))"
Southern,Kicukiro,Ruhengeri,Biryogo,Village_103,UPI_103,443,Ingano,Transfer by Voluntary Sale,1306564,2020-04-12,-1.4008997878207523,29.49933790548046,"POLYGON((0 0, 1 0, 1 1, 0 1, 0 0))"
Western,Gasabo,Gashora,Biryogo,Village_104,UPI_104,4785,Umurimo,Transfer by Voluntary Sale,4418949,2020-04-13,-1.5899024129238453,29.52649469303602,"POLYGON((0 0, 1 0, 1 1, 0 1, 0 0))"
Eastern,Nyamagabe,Ruhengeri,Giharo,Village_105,UPI_105,4307,Imyidyo,Inheritance,6547511,2020-04-14,-1.4906924971028803,29.0013067815226,"POLYGON((0 0, 1 0, 1 1, 0 1, 0 0))"
Kigali,Gicumbi,Nyakabanda,Biryogo,Village_106,UPI_106,760,Imyidyo,Sale,1237954,2020-04-15,-2.3782762321956414,30.741338068251036,"POLYGON((0 0, 1 0, 1 1, 0 1, 0 0))"
Northern,Nyamagabe,Nyakabanda,Kaduha,Village_107,UPI_107,4337,Ingano,Inheritance,3408056,2020-04-16,-1.0727639347348192,30.58518962641827,"POLYGON((0 0, 1 0, 1 1, 0 1, 0 0))"
Southern,Musanze,Gashora,Kaduha,Village_108,UPI_108,2925,Imyidyo,Sale,8340130,2020-04-17,-1.2422622492354627,30.254657870181354,"POLYGON((0 0, 1 0, 1 1, 0 1, 0 0))"
Northern,Nyamagabe,Mushwere,Biryogo,Village_109,UPI_109,793,Umurimo,Transfer by Voluntary Sale,8857998,2020-04-18,-1.2923645222565059,30.500531527877683,"POLYGON((0 0, 1 0, 1 1, 0 1, 0 0))"
Northern,Gasabo,Ngarama,Biryogo,Village_110,UPI_110,2026,Imyidyo,Inheritance,9595781,2020-04-19,-1.2655242924373487,29.304097134848984,"POLYGON((0 0, 1 0, 1 1, 0 1, 0 0))"
Eastern,Nyamasheke,Nyakabanda,Giharo,Village_111,UPI_111,3429,Ingano,Inheritance,6434261,2020-04-20,-1.100934237800858,29.91664718917515,"POLYGON((0 0, 1 0, 1 1, 0 1, 0 0))"
Northern,Gasabo,Nyakabanda,Biryogo,Village_112,UPI_112,3487,Umurimo,Transfer by Voluntary Sale,5010579,2020-04-21,-1.6836190508294535,29.702438774697562,"POLYGON((0 0, 1 0, 1 1, 0 1, 0 0))"
Kigali,Nyamagabe,Mushwere,Giharo,Village_113,UPI_113,4273,Ingano,Inheritance,9568055,2020-04-22,-2.1995769731985613,29.187553052514033,"POLYGON((0 0, 1 0, 1 1, 0 1, 0 0))"
Northern,Gasabo,Mushwere,Giharo,Village_114,UPI_114,333,Imyidyo,Sale,9950012,2020-04-23,-1.5748245882211882,29.972260970429847,"POLYGON((0 0, 1 0, 1 1, 0 1, 0 0))"
Eastern,Gatsibo,Ruhengeri,Biryogo,Village_115,UPI_115,3338,Ingano,Sale,8063493,2020-04-24,-1.3856777594980916,30.841479300685272,"POLYGON((0 0, 1 0, 1 1, 0 1, 0 0))"
Kigali,Musanze,Ruhengeri,Mukarange,Village_116,UPI_116,4119,Ingano,Sale,3035232,2020-04-25,-1.3931239099689618,29.080118238101388,"POLYGON((0 0, 1 0, 1 1, 0 1, 0 0))"
Western,Kicukiro,Ngarama,Mukarange,Village_117,UPI_117,272,Gutura,Sale,8204694,2020-04-26,-1.7178264637496798,29.582921826987587,"POLYGON((0 0, 1 0, 1 1, 0 1, 0 0))"
Northern,Nyamasheke,Ngarama,Giharo,Village_118,UPI_118,4694,Imyidyo,Transfer by Voluntary Sale,2878907,2020-04-27,-2.3973119209996328,29.415081872411406,"POLYGON((0 0, 1 0, 1 1, 0 1, 0 0))"
Eastern,Gicumbi,Gashora,Biryogo,Village_119,UPI_119,4425,Imyidyo,Inheritance,7490607,2020-04-28,-1.9433305923548083,29.476293307331392,"POLYGON((0 0, 1 0, 1 1, 0 1, 0 0))"
Western,Bugesera,Ruhengeri,Mukarange,Village_120,UPI_120,3178,Ingano,Sale,5032688,2020-04-29,-1.118850087304964,30.81686910375875,"POLYGON((0 0, 1 0, 1 1, 0 1, 0 0))"
Western,Kicukiro,Nyakabanda,Biryogo,Village_121,UPI_121,4561,Gutura,Transfer by Voluntary Sale,8079751,2020-04-30,-1.623326635363861,29.93613810846858,"POLYGON((0 0, 1 0, 1 1, 0 1, 0 0))"
Southern,Bugesera,Ruhengeri,Biryogo,Village_122,UPI_122,2185,Imyidyo,Inheritance,7633131,2020-05-01,-1.6925020851164299,29.932598825879637,"POLYGON((0 0, 1 0, 1 1, 0 1, 0 0))"
Kigali,Musanze,Nyakabanda,Biryogo,Village_123,UPI_123,992,Umurimo,Inheritance,2863162,2020-05-02,-2.09671972842671,30.521151284910566,"POLYGON((0 0, 1 0, 1 1, 0 1, 0 0))"
Northern,Nyamasheke,Mushwere,Nyabihu,Village_124,UPI_124,4459,Ingano,Transfer by Voluntary Sale,5381909,2020-05-03,-1.9473266201251316,29.308984408009852,"POLYGON((0 0, 1 0, 1 1, 0 1, 0 0))"
Eastern,Nyaruguru,Ruhengeri,Biryogo,Village_125,UPI_125,294,Imyidyo,Transfer by Voluntary Sale,6180820,2020-05-04,-1.156980866270246,29.974530708200103,"POLYGON((0 0, 1 0, 1 1, 0 1, 0 0))"
Southern,Gicumbi,Mushwere,Nyabihu,Village_126,UPI_126,1333,Umurimo,Sale,9803721,2020-05-05,-1.5003054287097464,29.859970428242118,"POLYGON((0 0, 1 0, 1 1, 0 1, 0 0))"
Kigali,Gatsibo,Ngarama,Giharo,Village_127,UPI_127,437,Imyidyo,Inheritance,3192794,2020-05-06,-1.3189194598715006,30.19382138109331,"POLYGON((0 0, 1 0, 1 1, 0 1, 0 0))"
Southern,Nyaruguru,Ngarama,Mukarange,Village_128,UPI_128,3146,Umurimo,Inheritance,2845704,2020-05-07,-1.8184818653985173,30.999115406500877,"POLYGON((0 0, 1 0, 1 1, 0 1, 0 0))"
Kigali,Musanze,Gashora,Mukarange,Village_129,UPI_129,2730,Ingano,Transfer by Voluntary Sale,9311940,2020-05-08,-1.5546291708157631,30.538897788164093,"POLYGON((0 0, 1 0, 1 1, 0 1, 0 0))"
Kigali,Kicukiro,Ruhengeri,Mukarange,Village_130,UPI_130,2160,Imyidyo,Inheritance,8720038,2020-05-09,-2.127424586885189,29.795731406034854,"POLYGON((0 0, 1 0, 1 1, 0 1, 0 0))"
Northern,Gatsibo,Mushwere,Mukarange,Village_131,UPI_131,1248,Imyidyo,Sale,8777983,2020-05-10,-1.4418087545747706,30.655106104548093,"POLYGON((0 0, 1 0, 1 1, 0 1, 0 0))"
Kigali,Gasabo,Nyakabanda,Mukarange,Village_132,UPI_132,2729,Gutura,Inheritance,792575,2020-05-11,-1.858597999444994,29.34141672662496,"POLYGON((0 0, 1 0, 1 1, 0 1, 0 0))"
Southern,Nyamagabe,Ngarama,Mukarange,Village_133,UPI_133,3164,Ingano,Transfer by Voluntary Sale,1959700,2020-05-12,-1.8361817277778816,29.060927372617922,"POLYGON((0 0, 1 0, 1 1, 0 1, 0 0))"
Kigali,Gatsibo,Ngarama,Mukarange,Village_134,UPI_134,1163,Umurimo,Transfer by Voluntary Sale,8917944,2020-05-13,-1.5260165131346775,29.408896744928548,"POLYGON((0 0, 1 0, 1 1, 0 1, 0 0))"
Northern,Musanze,Nyakabanda,Giharo,Village_135,UPI_135,736,Imyidyo,Sale,3701078,2020-05-14,-1.09557906779661,29.68082311222852,"POLYGON((0 0, 1 0, 1 1, 0 1, 0 0))"
Northern,Gisagara,Mushwere,Biryogo,Village_136,UPI_136,4423,Imyidyo,Sale,3107622,2020-05-15,-2.4039904800870686,30.021161514919118,"POLYGON((0 0, 1 0, 1 1, 0 1, 0 0))"
Southern,Nyamagabe,Mushwere,Kaduha,Village_137,UPI_137,3879,Umurimo,Inheritance,2386963,2020-05-16,-1.2628851439794886,30.2302582810824,"POLYGON((0 0, 1 0, 1 1, 0 1, 0 0))"
Western,Bugesera,Ruhengeri,Nyabihu,Village_138,UPI_138,4387,Ingano,Inheritance,5804120,2020-05-17,-2.06142533438171,30.821211434428843,"POLYGON((0 0, 1 0, 1 1, 0 1, 0 0))"
Western,Gicumbi,Ruhengeri,Kaduha,Village_139,UPI_139,3924,Gutura,Transfer by Voluntary Sale,3272605,2020-05-18,-1.8341208182404332,30.019708019100914,"POLYGON((0 0, 1 0, 1 1, 0 1, 0 0))"
Kigali,Bugesera,Gashora,Kaduha,Village_140,UPI_140,742,Gutura,Sale,1947947,2020-05-19,-2.4671300068374866,30.002551289251457,"POLYGON((0 0, 1 0, 1 1, 0 1, 0 0))"
Eastern,Gatsibo,Ngarama,Biryogo,Village_141,UPI_141,1045,Imyidyo,Sale,6313775,2020-05-20,-2.0484308832485305,29.100486019645963,"POLYGON((0 0, 1 0, 1 1, 0 1, 0 0))"
Kigali,Bugesera,Ruhengeri,Biryogo,Village_142,UPI_142,3803,Umurimo,Sale,7742447,2020-05-21,-1.7460531360548042,29.069823105312448,"POLYGON((0 0, 1 0, 1 1, 0 1, 0 0))"
Southern,Musanze,Mushwere,Biryogo,Village_143,UPI_143,3236,Imyidyo,Inheritance,8778499,2020-05-22,-2.4157358839788414,30.102319923832745,"POLYGON((0 0, 1 0, 1 1, 0 1, 0 0))"
Southern,Gasabo,Nyakabanda,Mukarange,Village_144,UPI_144,2694,Umurimo,Sale,6972652,2020-05-23,-1.7633564059252522,29.87635722649669,"POLYGON((0 0, 1 0, 1 1, 0 1, 0 0))"
Southern,Kicukiro,Mushwere,Giharo,Village_145,UPI_145,4685,Gutura,Transfer by Voluntary Sale,7106470,2020-05-24,-1.109334056712359,30.678360789960596,"POLYGON((0 0, 1 0, 1 1, 0 1, 0 0))"
Southern,Gicumbi,Ngarama,Mukarange,Village_146,UPI_146,2919,Ingano,Transfer by Voluntary Sale,1998339,2020-05-25,-2.341910172838292,29.32135916942369,"POLYGON((0 0, 1 0, 1 1, 0 1, 0 0))"
Southern,Bugesera,Mushwere,Giharo,Village_147,UPI_147,2084,Umurimo,Inheritance,1176296,2020-05-26,-1.3533389078867435,29.0499433242341,"POLYGON((0 0, 1 0, 1 1, 0 1, 0 0))"
Northern,Bugesera,Gashora,Giharo,Village_148,UPI_148,4338,Gutura,Inheritance,879039,2020-05-27,-1.8854934199360112,29.898077535860253,"POLYGON((0 0, 1 0, 1 1, 0 1, 0 0))"
Western,Gatsibo,Ngarama,Kaduha,Village_149,UPI_149,4549,Imyidyo,Sale,1028714,2020-05-28,-1.517239428213493,29.474957113504516,"POLYGON((0 0, 1 0, 1 1, 0 1, 0 0))"
Southern,Kicukiro,Nyakabanda,Kaduha,Village_150,UPI_150,3401,Umurimo,Inheritance,7535655,2020-05-29,-2.109645103022156,29.099228746677674,"POLYGON((0 0, 1 0, 1 1, 0 1, 0 0))"
Eastern,Nyaruguru,Gashora,Giharo,Village_151,UPI_151,2910,Ingano,Transfer by Voluntary Sale,8868352,2020-05-30,-2.2607616061879625,30.449196573695257,"POLYGON((0 0, 1 0, 1 1, 0 1, 0 0))"
Eastern,Bugesera,Ngarama,Giharo,Village_152,UPI_152,2153,Imyidyo,Sale,3411190,2020-05-31,-2.2593060785931605,29.223185999914495,"POLYGON((0 0, 1 0, 1 1, 0 1, 0 0))"
Eastern,Musanze,Nyakabanda,Mukarange,Village_153,UPI_153,4937,Imyidyo,Transfer by Voluntary Sale,9441047,2020-06-01,-2.394262081535283,30.216639000015544,"POLYGON((0 0, 1 0, 1 1, 0 1, 0 0))"
Eastern,Gisagara,Gashora,Mukarange,Village_154,UPI_154,4050,Gutura,Sale,4642535,2020-06-02,-2.2215299426481354,29.56209950033378,"POLYGON((0 0, 1 0, 1 1, 0 1, 0 0))"
Northern,Gicumbi,Gashora,Kaduha,Village_155,UPI_155,889,Umurimo,Inheritance,773452,2020-06-03,-1.5036709225165477,29.346992100710043,"POLYGON((0 0, 1 0, 1 1, 0 1, 0 0))"
Eastern,Bugesera,Ngarama,Biryogo,Village_156,UPI_156,2150,Imyidyo,Sale,9667491,2020-06-04,-1.177464082234738,29.759503045838635,"POLYGON((0 0, 1 0, 1 1, 0 1, 0 0))"
Southern,Musanze,Ruhengeri,Giharo,Village_157,UPI_157,656,Ingano,Sale,4871047,2020-06-05,-1.2788114716132573,30.602891552445907,"POLYGON((0 0, 1 0, 1 1, 0 1, 0 0))"
Kigali,Musanze,Gashora,Mukarange,Village_158,UPI_158,2330,Umurimo,Transfer by Voluntary Sale,7684872,2020-06-06,-1.4722985351882738,29.784187153809146,"POLYGON((0 0, 1 0, 1 1, 0 1, 0 0))"
Eastern,Gicumbi,Gashora,Kaduha,Village_159,UPI_159,4176,Ingano,Transfer by Voluntary Sale,2689921,2020-06-07,-2.334352204883346,30.501539298422113,"POLYGON((0 0, 1 0, 1 1, 0 1, 0 0))"
Northern,Nyaruguru,Nyakabanda,Mukarange,Village_160,UPI_160,4444,Imyidyo,Sale,7927297,2020-06-08,-2.066218830556075,29.250972593598302,"POLYGON((0 0, 1 0, 1 1, 0 1, 0 0))"
Northern,Musanze,Mushwere,Giharo,Village_161,UPI_161,1379,Ingano,Inheritance,3698156,2020-06-09,-2.0352896870162964,30.545542839330157,"POLYGON((0 0, 1 0, 1 1, 0 1, 0 0))"
Eastern,Gisagara,Ngarama,Giharo,Village_162,UPI_162,4485,Gutura,Inheritance,6301038,2020-06-10,-2.125064580403568,29.473866649813296,"POLYGON((0 0, 1 0, 1 1, 0 1, 0 0))"
Kigali,Musanze,Ngarama,Nyabihu,Village_163,UPI_163,3765,Ingano,Transfer by Voluntary Sale,5322139,2020-06-11,-1.7274915104354154,30.354786259777747,"POLYGON((0 0, 1 0, 1 1, 0 1, 0 0))"
Eastern,Musanze,Ruhengeri,Biryogo,Village_164,UPI_164,1082,Umurimo,Inheritance,5454582,2020-06-12,-1.696669277680491,30.13156310968199,"POLYGON((0 0, 1 0, 1 1, 0 1, 0 0))"
Northern,Musanze,Ruhengeri,Nyabihu,Village_165,UPI_165,599,Ingano,Transfer by Voluntary Sale,1262371,2020-06-13,-1.9646710372433347,30.858289434423376,"POLYGON((0 0, 1 0, 1 1, 0 1, 0 0))"
Western,Gasabo,Ngarama,Kaduha,Village_166,UPI_166,808,Ingano,Inheritance,3757945,2020-06-14,-1.969316261895346,29.774645035950627,"POLYGON((0 0, 1 0, 1 1, 0 1, 0 0))"
Southern,Gasabo,Ruhengeri,Mukarange,Village_167,UPI_167,1838,Gutura,Sale,8779143,2020-06-15,-1.257166603140878,29.132330377668882,"POLYGON((0 0, 1 0, 1 1, 0 1, 0 0))"
Northern,Nyaruguru,Nyakabanda,Kaduha,Village_168,UPI_168,2348,Ingano,Transfer by Voluntary Sale,6161064,2020-06-16,-1.3160607275204717,29.038310971102504,"POLYGON((0 0, 1 0, 1 1, 0 1, 0 0))"
Eastern,Bugesera,Ngarama,Giharo,Village_169,UPI_169,1582,Ingano,Transfer by Voluntary Sale,4268950,2020-06-17,-2.0383062524788818,30.653717121945505,"POLYGON((0 0, 1 0, 1 1, 0 1, 0 0))"
Southern,Musanze,Ruhengeri,Nyabihu,Village_170,UPI_170,1603,Imyidyo,Sale,642980,2020-06-18,-1.129317334190111,30.049471275322865,"POLYGON((0 0, 1 0, 1 1, 0 1, 0 0))"
Eastern,Kicukiro,Ngarama,Nyabihu,Village_171,UPI_171,1019,Imyidyo,Transfer by Voluntary Sale,7000785,2020-06-19,-1.070777474496241,30.5504881036699,"POLYGON((0 0, 1 0, 1 1, 0 1, 0 0))"
Eastern,Bugesera,Mushwere,Nyabihu,Village_172,UPI_172,3492,Umurimo,Inheritance,757354,2020-06-20,-2.009886186954939,29.46885120002303,"POLYGON((0 0, 1 0, 1 1, 0 1, 0 0))"
Western,Nyaruguru,Gashora,Kaduha,Village_173,UPI_173,1019,Imyidyo,Inheritance,8363438,2020-06-21,-1.9683625768104176,29.690167491026468,"POLYGON((0 0, 1 0, 1 1, 0 1, 0 0))"
Southern,Nyamasheke,Ngarama,Giharo,Village_174,UPI_174,619,Imyidyo,Transfer by Voluntary Sale,6454075,2020-06-22,-1.7415487698670618,29.060207744422637,"POLYGON((0 0, 1 0, 1 1, 0 1, 0 0))"
Southern,Bugesera,Gashora,Mukarange,Village_175,UPI_175,4419,Imyidyo,Inheritance,8472368,2020-06-23,-1.0883187811994897,30.922984649148223,"POLYGON((0 0, 1 0, 1 1, 0 1, 0 0))"
Western,Bugesera,Ruhengeri,Mukarange,Village_176,UPI_176,4717,Imyidyo,Transfer by Voluntary Sale,2735883,2020-06-24,-1.1855208502865326,30.335735813401627,"POLYGON((0 0, 1 0, 1 1, 0 1, 0 0))"
Northern,Nyamagabe,Gashora,Kaduha,Village_177,UPI_177,3502,Gutura,Sale,1264265,2020-06-25,-2.3461480561246155,30.866410175518613,"POLYGON((0 0, 1 0, 1 1, 0 1, 0 0))"
Eastern,Gatsibo,Ngarama,Nyabihu,Village_178,UPI_178,1708,Imyidyo,Transfer by Voluntary Sale,7130840,2020-06-26,-1.9109038850928757,29.530992814858145,"POLYGON((0 0, 1 0, 1 1, 0 1, 0 0))"
Kigali,Nyamagabe,Mushwere,Biryogo,Village_179,UPI_179,967,Gutura,Sale,6168889,2020-06-27,-1.6699432153753422,30.22292722245132,"POLYGON((0 0, 1 0, 1 1, 0 1, 0 0))"
Eastern,Gisagara,Ruhengeri,Kaduha,Village_180,UPI_180,2244,Gutura,Inheritance,808617,2020-06-28,-1.74530129117269,30.356999936585275,"POLYGON((0 0, 1 0, 1 1, 0 1, 0 0))"
Eastern,Gasabo,Ngarama,Kaduha,Village_181,UPI_181,2339,Imyidyo,Sale,1244748,2020-06-29,-2.209205398094661,29.635099400515177,"POLYGON((0 0, 1 0, 1 1, 0 1, 0 0))"
Northern,Gasabo,Ruhengeri,Giharo,Village_182,UPI_182,3229,Ingano,Inheritance,5587692,2020-06-30,-1.211774843247768,30.696218470031262,"POLYGON((0 0, 1 0, 1 1, 0 1, 0 0))"
Eastern,Gatsibo,Nyakabanda,Mukarange,Village_183,UPI_183,1749,Gutura,Transfer by Voluntary Sale,1234275,2020-07-01,-1.484588825504744,30.894322925800495,"POLYGON((0 0, 1 0, 1 1, 0 1, 0 0))"
Western,Gicumbi,Gashora,Kaduha,Village_184,UPI_184,1964,Ingano,Inheritance,6714638,2020-07-02,-1.2431374377222946,30.769710235392008,"POLYGON((0 0, 1 0, 1 1, 0 1, 0 0))"
Western,Gicumbi,Nyakabanda,Kaduha,Village_185,UPI_185,2845,Ingano,Transfer by Voluntary Sale,9922794,2020-07-03,-1.2118535809757918,30.478133951878746,"POLYGON((0 0, 1 0, 1 1, 0 1, 0 0))"
Southern,Nyaruguru,Ngarama,Nyabihu,Village_186,UPI_186,3916,Imyidyo,Transfer by Voluntary Sale,9487114,2020-07-04,-1.3774662195013905,29.554929359449908,"POLYGON((0 0, 1 0, 1 1, 0 1, 0 0))"
Kigali,Gatsibo,Mushwere,Nyabihu,Village_187,UPI_187,4805,Umurimo,Sale,5939296,2020-07-05,-1.841184098125424,29.563232084211265,"POLYGON((0 0, 1 0, 1 1, 0 1, 0 0))"
Eastern,Bugesera,Ruhengeri,Biryogo,Village_188,UPI_188,4681,Imyidyo,Sale,6694224,2020-07-06,-1.5841798674768632,30.926720640892075,"POLYGON((0 0, 1 0, 1 1, 0 1, 0 0))"
Eastern,Gicumbi,Gashora,Giharo,Village_189,UPI_189,2493,Umurimo,Sale,9445326,2020-07-07,-2.2594518908203853,29.020568991871386,"POLYGON((0 0, 1 0, 1 1, 0 1, 0 0))"
Northern,Musanze,Ruhengeri,Biryogo,Village_190,UPI_190,2908,Umurimo,Sale,6524293,2020-07-08,-1.4895318737876384,30.43209994648429,"POLYGON((0 0, 1 0, 1 1, 0 1, 0 0))"
Western,Kicukiro,Ngarama,Nyabihu,Village_191,UPI_191,1100,Imyidyo,Inheritance,6693367,2020-07-09,-2.2311201163910788,30.412492325110524,"POLYGON((0 0, 1 0, 1 1, 0 1, 0 0))"
Kigali,Bugesera,Ruhengeri,Mukarange,Village_192,UPI_192,3284,Imyidyo,Inheritance,5818331,2020-07-10,-1.4590756142347647,30.245379081899596,"POLYGON((0 0, 1 0, 1 1, 0 1, 0 0))"
Southern,Gisagara,Gashora,Nyabihu,Village_193,UPI_193,2209,Umurimo,Inheritance,9241022,2020-07-11,-2.155602758869047,30.98021769217373,"POLYGON((0 0, 1 0, 1 1, 0 1, 0 0))"
Western,Musanze,Ngarama,Giharo,Village_194,UPI_194,441,Imyidyo,Transfer by Voluntary Sale,3463944,2020-07-12,-2.32367304977467,29.62375887152745,"POLYGON((0 0, 1 0, 1 1, 0 1, 0 0))"
Southern,Musanze,Ruhengeri,Nyabihu,Village_195,UPI_195,2585,Umurimo,Inheritance,4448401,2020-07-13,-2.252073264785564,29.679943727586497,"POLYGON((0 0, 1 0, 1 1, 0 1, 0 0))"
Northern,Gatsibo,Mushwere,Giharo,Village_196,UPI_196,4468,Ingano,Inheritance,624932,2020-07-14,-2.4970117971713948,29.157878805893112,"POLYGON((0 0, 1 0, 1 1, 0 1, 0 0))"
Northern,Nyaruguru,Ngarama,Giharo,Village_197,UPI_197,871,Imyidyo,Inheritance,5734259,2020-07-15,-1.4218905732197047,29.885596273087476,"POLYGON((0 0, 1 0, 1 1, 0 1, 0 0))"
Eastern,Gisagara,Ngarama,Giharo,Village_198,UPI_198,363,Ingano,Sale,9156691,2020-07-16,-1.4013984264124313,29.522097052469697,"POLYGON((0 0, 1 0, 1 1, 0 1, 0 0))"
Kigali,Gicumbi,Mushwere,Giharo,Village_199,UPI_199,664,Gutura,Inheritance,7350807,2020-07-17,-1.7275999751301108,29.68677340435529,"POLYGON((0 0, 1 0, 1 1, 0 1, 0 0))"
Southern,Gatsibo,Nyakabanda,Giharo,Village_200,UPI_200,3242,Ingano,Transfer by Voluntary Sale,6780757,2020-07-18,-2.2579557984169245,30.669143580511257,"POLYGON((0 0, 1 0, 1 1, 0 1, 0 0))"
Western,Gicumbi,Gashora,Mukarange,Village_201,UPI_201,4792,Ingano,Sale,7284672,2020-07-19,-2.3746684937339655,30.87096902705499,"POLYGON((0 0, 1 0, 1 1, 0 1, 0 0))"
Northern,Gatsibo,Nyakabanda,Biryogo,Village_202,UPI_202,4995,Umurimo,Transfer by Voluntary Sale,4377809,2020-07-20,-2.4713065503440697,29.37146614401037,"POLYGON((0 0, 1 0, 1 1, 0 1, 0 0))"
Eastern,Gatsibo,Ruhengeri,Kaduha,Village_203,UPI_203,2642,Ingano,Inheritance,5376709,2020-07-21,-2.251377734552169,29.74501786310693,"POLYGON((0 0, 1 0, 1 1, 0 1, 0 0))"
Eastern,Gatsibo,Mushwere,Biryogo,Village_204,UPI_204,4998,Imyidyo,Sale,3092316,2020-07-22,-1.16371669752528,30.85726112423079,"POLYGON((0 0, 1 0, 1 1, 0 1, 0 0))"
Southern,Nyaruguru,Nyakabanda,Giharo,Village_205,UPI_205,2555,Umurimo,Transfer by Voluntary Sale,6395725,2020-07-23,-2.1376947374474775,29.123616921378446,"POLYGON((0 0, 1 0, 1 1, 0 1, 0 0))"
Northern,Gatsibo,Ngarama,Mukarange,Village_206,UPI_206,4478,Gutura,Inheritance,9177828,2020-07-24,-1.9685930091741766,29.184721056222756,"POLYGON((0 0, 1 0, 1 1, 0 1, 0 0))"
Kigali,Nyamasheke,Ruhengeri,Nyabihu,Village_207,UPI_207,4924,Imyidyo,Transfer by Voluntary Sale,5938757,2020-07-25,-2.3419817732780004,29.32558197841246,"POLYGON((0 0, 1 0, 1 1, 0 1, 0 0))"
Northern,Kicukiro,Ruhengeri,Mukarange,Village_208,UPI_208,2757,Gutura,Transfer by Voluntary Sale,3164749,2020-07-26,-2.1664580428777445,30.19042566825375,"POLYGON((0 0, 1 0, 1 1, 0 1, 0 0))"
Southern,Gicumbi,Nyakabanda,Giharo,Village_209,UPI_209,745,Ingano,Transfer by Voluntary Sale,7228926,2020-07-27,-1.7211631438296924,29.300944542011994,"POLYGON((0 0, 1 0, 1 1, 0 1, 0 0))"
Southern,Bugesera,Nyakabanda,Mukarange,Village_210,UPI_210,4919,Imyidyo,Inheritance,4499453,2020-07-28,-1.5883709753565212,30.936152762901468,"POLYGON((0 0, 1 0, 1 1, 0 1, 0 0))"
Northern,Nyamagabe,Mushwere,Mukarange,Village_211,UPI_211,4035,Imyidyo,Inheritance,7746813,2020-07-29,-2.1319715287506833,29.89342905451704,"POLYGON((0 0, 1 0, 1 1, 0 1, 0 0))"
Southern,Gisagara,Gashora,Giharo,Village_212,UPI_212,793,Gutura,Transfer by Voluntary Sale,3421989,2020-07-30,-2.413401761162324,30.003035920700334,"POLYGON((0 0, 1 0, 1 1, 0 1, 0 0))"
Northern,Gasabo,Nyakabanda,Mukarange,Village_213,UPI_213,4004,Imyidyo,Sale,1484156,2020-07-31,-1.913450696308902,29.493317231610813,"POLYGON((0 0, 1 0, 1 1, 0 1, 0 0))"
Western,Nyaruguru,Nyakabanda,Kaduha,Village_214,UPI_214,1659,Imyidyo,Sale,4213543,2020-08-01,-2.148694943610499,29.94192050486947,"POLYGON((0 0, 1 0, 1 1, 0 1, 0 0))"
Northern,Bugesera,Ngarama,Kaduha,Village_215,UPI_215,3693,Imyidyo,Inheritance,9752267,2020-08-02,-2.170669115155297,30.323827265274023,"POLYGON((0 0, 1 0, 1 1, 0 1, 0 0))"
Northern,Musanze,Ruhengeri,Mukarange,Village_216,UPI_216,2801,Ingano,Inheritance,1703920,2020-08-03,-1.060205795929817,30.502354273908086,"POLYGON((0 0, 1 0, 1 1, 0 1, 0 0))"
Southern,Nyamasheke,Gashora,Nyabihu,Village_217,UPI_217,2644,Gutura,Inheritance,3608591,2020-08-04,-1.5755492711114139,30.507736165419825,"POLYGON((0 0, 1 0, 1 1, 0 1, 0 0))"
Southern,Gasabo,Ngarama,Giharo,Village_218,UPI_218,2872,Imyidyo,Inheritance,1247852,2020-08-05,-1.664682335241856,30.155782225388176,"POLYGON((0 0, 1 0, 1 1, 0 1, 0 0))"
Eastern,Nyamagabe,Mushwere,Kaduha,Village_219,UPI_219,4400,Umurimo,Inheritance,5796990,2020-08-06,-1.8763373447150171,30.808719549987714,"POLYGON((0 0, 1 0, 1 1, 0 1, 0 0))"
Eastern,Bugesera,Mushwere,Nyabihu,Village_220,UPI_220,216,Umurimo,Sale,7428655,2020-08-07,-1.8565834998547837,30.634815694612218,"POLYGON((0 0, 1 0, 1 1, 0 1, 0 0))"
Western,Gasabo,Nyakabanda,Mukarange,Village_221,UPI_221,3391,Umurimo,Inheritance,9996418,2020-08-08,-1.6886424942428788,30.51409622939725,"POLYGON((0 0, 1 0, 1 1, 0 1, 0 0))"
Eastern,Bugesera,Nyakabanda,Nyabihu,Village_222,UPI_222,592,Umurimo,Transfer by Voluntary Sale,9700891,2020-08-09,-1.4553552894458393,29.11121104336092,"POLYGON((0 0, 1 0, 1 1, 0 1, 0 0))"
Northern,Nyamasheke,Mushwere,Biryogo,Village_223,UPI_223,624,Ingano,Transfer by Voluntary Sale,2321367,2020-08-10,-1.446780855727256,29.013755924439298,"POLYGON((0 0, 1 0, 1 1, 0 1, 0 0))"
Southern,Nyamagabe,Nyakabanda,Kaduha,Village_224,UPI_224,771,Imyidyo,Sale,3872863,2020-08-11,-2.2424591384418258,29.424894554390946,"POLYGON((0 0, 1 0, 1 1, 0 1, 0 0))"
Eastern,Musanze,Gashora,Mukarange,Village_225,UPI_225,3831,Gutura,Transfer by Voluntary Sale,3399033,2020-08-12,-1.7498308718850595,30.327047187826906,"POLYGON((0 0, 1 0, 1 1, 0 1, 0 0))"
Eastern,Gatsibo,Nyakabanda,Giharo,Village_226,UPI_226,1320,Imyidyo,Sale,2078315,2020-08-13,-1.882062857448847,29.822394977765093,"POLYGON((0 0, 1 0, 1 1, 0 1, 0 0))"
Western,Gicumbi,Ruhengeri,Mukarange,Village_227,UPI_227,441,Ingano,Sale,7927210,2020-08-14,-1.1942095505959238,29.804812518598624,"POLYGON((0 0, 1 0, 1 1, 0 1, 0 0))"
Western,Musanze,Nyakabanda,Giharo,Village_228,UPI_228,4097,Umurimo,Transfer by Voluntary Sale,8798852,2020-08-15,-1.5528716181724354,30.769173776459226,"POLYGON((0 0, 1 0, 1 1, 0 1, 0 0))"
Northern,Gatsibo,Ngarama,Mukarange,Village_229,UPI_229,4295,Ingano,Inheritance,6593073,2020-08-16,-1.7012439003760274,30.791125696263677,"POLYGON((0 0, 1 0, 1 1, 0 1, 0 0))"
Southern,Nyaruguru,Gashora,Nyabihu,Village_230,UPI_230,2479,Imyidyo,Transfer by Voluntary Sale,1849590,2020-08-17,-2.326908036731624,30.81835052810717,"POLYGON((0 0, 1 0, 1 1, 0 1, 0 0))"
Western,Kicukiro,Ngarama,Nyabihu,Village_231,UPI_231,988,Gutura,Transfer by Voluntary Sale,5866645,2020-08-18,-1.5915431660148829,29.627756153030056,"POLYGON((0 0, 1 0, 1 1, 0 1, 0 0))"
Eastern,Gisagara,Ngarama,Nyabihu,Village_232,UPI_232,914,Ingano,Sale,6129905,2020-08-19,-2.3241941414796496,30.382111625478522,"POLYGON((0 0, 1 0, 1 1, 0 1, 0 0))"
Southern,Gisagara,Ruhengeri,Biryogo,Village_233,UPI_233,3049,Gutura,Transfer by Voluntary Sale,3545529,2020-08-20,-1.994190136651372,29.54326636254874,"POLYGON((0 0, 1 0, 1 1, 0 1, 0 0))"
Southern,Gicumbi,Gashora,Giharo,Village_234,UPI_234,975,Ingano,Sale,5940107,2020-08-21,-2.285737052778502,29.3812196661489,"POLYGON((0 0, 1 0, 1 1, 0 1, 0 0))"
Eastern,Nyamagabe,Gashora,Nyabihu,Village_235,UPI_235,4226,Gutura,Inheritance,7603260,2020-08-22,-1.4618895294634466,29.36926491469474,"POLYGON((0 0, 1 0, 1 1, 0 1, 0 0))"
Western,Nyamasheke,Gashora,Biryogo,Village_236,UPI_236,2447,Gutura,Inheritance,7581530,2020-08-23,-2.190621829245771,29.684215241727188,"POLYGON((0 0, 1 0, 1 1, 0 1, 0 0))"
Eastern,Nyamagabe,Gashora,Giharo,Village_237,UPI_237,278,Umurimo,Inheritance,3397706,2020-08-24,-1.912210940217961,29.859915239559644,"POLYGON((0 0, 1 0, 1 1, 0 1, 0 0))"
Southern,Nyamasheke,Gashora,Mukarange,Village_238,UPI_238,4126,Gutura,Transfer by Voluntary Sale,8782356,2020-08-25,-1.156487833571832,30.66189834211014,"POLYGON((0 0, 1 0, 1 1, 0 1, 0 0))"
Kigali,Nyamagabe,Ruhengeri,Biryogo,Village_239,UPI_239,1055,Umurimo,Sale,3701473,2020-08-26,-2.1935254249015443,29.239782186945423,"POLYGON((0 0, 1 0, 1 1, 0 1, 0 0))"
Kigali,Kicukiro,Nyakabanda,Kaduha,Village_240,UPI_240,2348,Imyidyo,Inheritance,9987265,2020-08-27,-1.7382924040618313,30.46985169478979,"POLYGON((0 0, 1 0, 1 1, 0 1, 0 0))"
Northern,Nyaruguru,Ngarama,Biryogo,Village_241,UPI_241,1231,Imyidyo,Sale,9814823,2020-08-28,-1.871092508250967,30.06290982837861,"POLYGON((0 0, 1 0, 1 1, 0 1, 0 0))"
Eastern,Nyaruguru,Gashora,Biryogo,Village_242,UPI_242,3471,Umurimo,Sale,7007660,2020-08-29,-2.4728139384314054,29.575890685351986,"POLYGON((0 0, 1 0, 1 1, 0 1, 0 0))"
Eastern,Gatsibo,Nyakabanda,Giharo,Village_243,UPI_243,3776,Umurimo,Inheritance,1949991,2020-08-30,-1.3108628296407807,29.98563916906565,"POLYGON((0 0, 1 0, 1 1, 0 1, 0 0))"
Northern,Gasabo,Nyakabanda,Mukarange,Village_244,UPI_244,4382,Ingano,Inheritance,6539523,2020-08-31,-2.3964311405281005,29.599884139554046,"POLYGON((0 0, 1 0, 1 1, 0 1, 0 0))"
Northern,Nyaruguru,Ngarama,Kaduha,Village_245,UPI_245,3656,Ingano,Sale,5853966,2020-09-01,-1.7886174685345697,30.192163910476612,"POLYGON((0 0, 1 0, 1 1, 0 1, 0 0))"
Northern,Nyaruguru,Ruhengeri,Nyabihu,Village_246,UPI_246,3706,Ingano,Inheritance,7247741,2020-09-02,-1.658982557591575,29.86768784571049,"POLYGON((0 0, 1 0, 1 1, 0 1, 0 0))"
Southern,Musanze,Mushwere,Nyabihu,Village_247,UPI_247,607,Imyidyo,Sale,5668554,2020-09-03,-1.5573603150781195,29.328811058157758,"POLYGON((0 0, 1 0, 1 1, 0 1, 0 0))"
Eastern,Musanze,Mushwere,Biryogo,Village_248,UPI_248,2911,Ingano,Sale,924528,2020-09-04,-1.4670525560381866,29.233166149111394,"POLYGON((0 0, 1 0, 1 1, 0 1, 0 0))"
Southern,Gatsibo,Nyakabanda,Giharo,Village_249,UPI_249,3288,Gutura,Inheritance,8490001,2020-09-05,-2.1200914247159273,30.09339136414426,"POLYGON((0 0, 1 0, 1 1, 0 1, 0 0))"
Northern,Gasabo,Ngarama,Giharo,Village_250,UPI_250,1868,Gutura,Transfer by Voluntary Sale,9500789,2020-09-06,-2.485031835012326,30.804826066572208,"POLYGON((0 0, 1 0, 1 1, 0 1, 0 0))"
Eastern,Gicumbi,Mushwere,Nyabihu,Village_251,UPI_251,347,Ingano,Inheritance,6950219,2020-09-07,-1.414834506467632,29.68791537311537,"POLYGON((0 0, 1 0, 1 1, 0 1, 0 0))"
Southern,Musanze,Nyakabanda,Kaduha,Village_252,UPI_252,4527,Gutura,Transfer by Voluntary Sale,2150824,2020-09-08,-1.6965151009786321,30.466000214445245,"POLYGON((0 0, 1 0, 1 1, 0 1, 0 0))"
Southern,Gicumbi,Ruhengeri,Mukarange,Village_253,UPI_253,4097,Imyidyo,Sale,5765481,2020-09-09,-1.2458234451891268,30.317322709879534,"POLYGON((0 0, 1 0, 1 1, 0 1, 0 0))"
Northern,Bugesera,Mushwere,Kaduha,Village_254,UPI_254,2150,Gutura,Sale,7202692,2020-09-10,-1.2679174556489585,30.863109828618963,"POLYGON((0 0, 1 0, 1 1, 0 1, 0 0))"
Eastern,Musanze,Nyakabanda,Mukarange,Village_255,UPI_255,565,Imyidyo,Transfer by Voluntary Sale,9027835,2020-09-11,-1.2350107483181754,30.641962034598283,"POLYGON((0 0, 1 0, 1 1, 0 1, 0 0))"
Northern,Kicukiro,Nyakabanda,Nyabihu,Village_256,UPI_256,1874,Umurimo,Sale,2273055,2020-09-12,-1.7723580100306897,30.133210517810927,"POLYGON((0 0, 1 0, 1 1, 0 1, 0 0))"
Eastern,Gasabo,Gashora,Mukarange,Village_257,UPI_257,4731,Umurimo,Transfer by Voluntary Sale,5692859,2020-09-13,-1.9995574062447015,30.314060996468214,"POLYGON((0 0, 1 0, 1 1, 0 1, 0 0))"
Kigali,Gatsibo,Ruhengeri,Giharo,Village_258,UPI_258,4694,Umurimo,Transfer by Voluntary Sale,9580745,2020-09-14,-1.312662696112945,30.79677293316807,"POLYGON((0 0, 1 0, 1 1, 0 1, 0 0))"
Western,Bugesera,Gashora,Biryogo,Village_259,UPI_259,2746,Umurimo,Sale,781854,2020-09-15,-1.8230588304561177,29.79903756917387,"POLYGON((0 0, 1 0, 1 1, 0 1, 0 0))"
Western,Gasabo,Ngarama,Biryogo,Village_260,UPI_260,762,Gutura,Transfer by Voluntary Sale,7162314,2020-09-16,-2.224836705394848,29.653589411715554,"POLYGON((0 0, 1 0, 1 1, 0 1, 0 0))"
Western,Kicukiro,Gashora,Nyabihu,Village_261,UPI_261,3762,Ingano,Inheritance,6330395,2020-09-17,-1.2175389706577886,29.021622167270394,"POLYGON((0 0, 1 0, 1 1, 0 1, 0 0))"
Northern,Gasabo,Gashora,Giharo,Village_262,UPI_262,2689,Gutura,Inheritance,9548935,2020-09-18,-1.176160184841479,30.653102148382928,"POLYGON((0 0, 1 0, 1 1, 0 1, 0 0))"
Kigali,Kicukiro,Mushwere,Kaduha,Village_263,UPI_263,972,Imyidyo,Sale,2157153,2020-09-19,-1.8005353657897447,30.60196140080673,"POLYGON((0 0, 1 0, 1 1, 0 1, 0 0))"
Eastern,Kicukiro,Nyakabanda,Giharo,Village_264,UPI_264,2237,Gutura,Sale,7583610,2020-09-20,-2.386450409035319,29.208909036200303,"POLYGON((0 0, 1 0, 1 1, 0 1, 0 0))"
Southern,Gicumbi,Ruhengeri,Biryogo,Village_265,UPI_265,3623,Gutura,Transfer by Voluntary Sale,8342680,2020-09-21,-1.9182608651246031,30.153714762265402,"POLYGON((0 0, 1 0, 1 1, 0 1, 0 0))"
Eastern,Nyamagabe,Gashora,Biryogo,Village_266,UPI_266,2767,Imyidyo,Transfer by Voluntary Sale,2306684,2020-09-22,-1.2946935108060948,29.927963396333773,"POLYGON((0 0, 1 0, 1 1, 0 1, 0 0))"
Southern,Bugesera,Ruhengeri,Giharo,Village_267,UPI_267,1773,Umurimo,Transfer by Voluntary Sale,2309858,2020-09-23,-1.147338957180657,29.23741819101822,"POLYGON((0 0, 1 0, 1 1, 0 1, 0 0))"
Eastern,Gasabo,Gashora,Giharo,Village_268,UPI_268,3894,Umurimo,Transfer by Voluntary Sale,979083,2020-09-24,-2.1947908862536063,30.961136454121448,"POLYGON((0 0, 1 0, 1 1, 0 1, 0 0))"
Kigali,Nyamasheke,Ngarama,Biryogo,Village_269,UPI_269,3491,Umurimo,Inheritance,2401740,2020-09-25,-2.3995395819620926,29.42939177492671,"POLYGON((0 0, 1 0, 1 1, 0 1, 0 0))"
Southern,Bugesera,Gashora,Kaduha,Village_270,UPI_270,1446,Ingano,Inheritance,6148393,2020-09-26,-1.183974320300742,29.134468360181124,"POLYGON((0 0, 1 0, 1 1, 0 1, 0 0))"
Northern,Nyamagabe,Mushwere,Nyabihu,Village_271,UPI_271,3919,Imyidyo,Sale,6784725,2020-09-27,-1.9158925915316871,30.18969475900382,"POLYGON((0 0, 1 0, 1 1, 0 1, 0 0))"
Eastern,Bugesera,Nyakabanda,Nyabihu,Village_272,UPI_272,4039,Imyidyo,Transfer by Voluntary Sale,8252950,2020-09-28,-1.687358553598655,30.477733354266064,"POLYGON((0 0, 1 0, 1 1, 0 1, 0 0))"
Eastern,Nyaruguru,Ngarama,Giharo,Village_273,UPI_273,559,Gutura,Transfer by Voluntary Sale,7209914,2020-09-29,-1.0479012819238616,29.064886892094375,"POLYGON((0 0, 1 0, 1 1, 0 1, 0 0))"
Southern,Nyamasheke,Gashora,Nyabihu,Village_274,UPI_274,2576,Ingano,Sale,7895873,2020-09-30,-2.400152908128666,30.317435277454045,"POLYGON((0 0, 1 0, 1 1, 0 1, 0 0))"
Northern,Nyamagabe,Ruhengeri,Biryogo,Village_275,UPI_275,3209,Umurimo,Transfer by Voluntary Sale,5084946,2020-10-01,-1.5275229888218567,30.06458375190291,"POLYGON((0 0, 1 0, 1 1, 0 1, 0 0))"
Northern,Gicumbi,Ngarama,Biryogo,Village_276,UPI_276,3193,Ingano,Transfer by Voluntary Sale,8843199,2020-10-02,-2.3888418661376996,29.206530017750097,"POLYGON((0 0, 1 0, 1 1, 0 1, 0 0))"
Kigali,Gasabo,Ngarama,Giharo,Village_277,UPI_277,1162,Imyidyo,Transfer by Voluntary Sale,4801400,2020-10-03,-1.9367966073002494,29.345047753892725,"POLYGON((0 0, 1 0, 1 1, 0 1, 0 0))"
Northern,Gisagara,Gashora,Giharo,Village_278,UPI_278,3832,Imyidyo,Transfer by Voluntary Sale,5141094,2020-10-04,-1.29427818220983,30.13594859463216,"POLYGON((0 0, 1 0, 1 1, 0 1, 0 0))"
Northern,Nyamagabe,Ngarama,Giharo,Village_279,UPI_279,2027,Gutura,Transfer by Voluntary Sale,3207184,2020-10-05,-1.8497916508665484,29.592715227026577,"POLYGON((0 0, 1 0, 1 1, 0 1, 0 0))"
Northern,Gatsibo,Ruhengeri,Kaduha,Village_280,UPI_280,1813,Gutura,Sale,8373491,2020-10-06,-1.0042264691455745,30.876631457302633,"POLYGON((0 0, 1 0, 1 1, 0 1, 0 0))"
Western,Gasabo,Ngarama,Nyabihu,Village_281,UPI_281,1840,Imyidyo,Transfer by Voluntary Sale,4270771,2020-10-07,-1.6614110725800968,30.637480458968103,"POLYGON((0 0, 1 0, 1 1, 0 1, 0 0))"
Kigali,Nyamagabe,Ruhengeri,Giharo,Village_282,UPI_282,2416,Umurimo,Sale,2040724,2020-10-08,-2.0182567710460697,30.967134413027328,"POLYGON((0 0, 1 0, 1 1, 0 1, 0 0))"
Eastern,Nyaruguru,Gashora,Mukarange,Village_283,UPI_283,4512,Umurimo,Transfer by Voluntary Sale,6375293,2020-10-09,-2.1698330111428703,29.51934167790083,"POLYGON((0 0, 1 0, 1 1, 0 1, 0 0))"
Southern,Gisagara,Nyakabanda,Mukarange,Village_284,UPI_284,577,Ingano,Inheritance,2465730,2020-10-10,-1.9742191985707573,30.939447265595955,"POLYGON((0 0, 1 0, 1 1, 0 1, 0 0))"
Eastern,Nyaruguru,Ngarama,Biryogo,Village_285,UPI_285,4414,Imyidyo,Inheritance,7843728,2020-10-11,-1.9412000893606738,29.862467739583117,"POLYGON((0 0, 1 0, 1 1, 0 1, 0 0))"
Kigali,Gisagara,Nyakabanda,Nyabihu,Village_286,UPI_286,4485,Imyidyo,Inheritance,9564281,2020-10-12,-2.3969294834140586,29.69503759062751,"POLYGON((0 0, 1 0, 1 1, 0 1, 0 0))"
Southern,Gatsibo,Ruhengeri,Giharo,Village_287,UPI_287,569,Umurimo,Inheritance,7597037,2020-10-13,-1.9456387008598401,29.100699053938705,"POLYGON((0 0, 1 0, 1 1, 0 1, 0 0))"
Kigali,Gasabo,Ngarama,Mukarange,Village_288,UPI_288,2396,Umurimo,Sale,4562224,2020-10-14,-1.8036422203911626,29.105530515719206,"POLYGON((0 0, 1 0, 1 1, 0 1, 0 0))"
Northern,Gicumbi,Mushwere,Nyabihu,Village_289,UPI_289,3947,Imyidyo,Sale,1594316,2020-10-15,-1.415893371641793,30.38402251189331,"POLYGON((0 0, 1 0, 1 1, 0 1, 0 0))"
Southern,Nyaruguru,Nyakabanda,Biryogo,Village_290,UPI_290,851,Gutura,Transfer by Voluntary Sale,4800915,2020-10-16,-1.514905772917588,29.915857988868055,"POLYGON((0 0, 1 0, 1 1, 0 1, 0 0))"
Northern,Nyaruguru,Ngarama,Kaduha,Village_291,UPI_291,969,Imyidyo,Inheritance,7260403,2020-10-17,-1.4368515171562686,29.453043252072213,"POLYGON((0 0, 1 0, 1 1, 0 1, 0 0))"
Eastern,Kicukiro,Nyakabanda,Nyabihu,Village_292,UPI_292,2621,Imyidyo,Sale,7120241,2020-10-18,-2.4874544771847145,30.227940612650464,"POLYGON((0 0, 1 0, 1 1, 0 1, 0 0))"
Eastern,Gisagara,Ngarama,Nyabihu,Village_293,UPI_293,980,Umurimo,Transfer by Voluntary Sale,2136675,2020-10-19,-2.173498900629196,29.505716236500223,"POLYGON((0 0, 1 0, 1 1, 0 1, 0 0))"
Southern,Musanze,Gashora,Kaduha,Village_294,UPI_294,1916,Umurimo,Transfer by Voluntary Sale,9595281,2020-10-20,-1.5074735674002153,30.155263508688844,"POLYGON((0 0, 1 0, 1 1, 0 1, 0 0))"
Southern,Gasabo,Nyakabanda,Nyabihu,Village_295,UPI_295,4183,Gutura,Sale,1301849,2020-10-21,-1.7740159477303794,29.71841749396538,"POLYGON((0 0, 1 0, 1 1, 0 1, 0 0))"
Kigali,Gisagara,Mushwere,Biryogo,Village_296,UPI_296,1511,Gutura,Inheritance,1661068,2020-10-22,-2.492029786497481,30.647104453223637,"POLYGON((0 0, 1 0, 1 1, 0 1, 0 0))"
Kigali,Kicukiro,Mushwere,Biryogo,Village_297,UPI_297,3559,Ingano,Transfer by Voluntary Sale,7870131,2020-10-23,-1.2932580363522665,30.64139232153356,"POLYGON((0 0, 1 0, 1 1, 0 1, 0 0))"
Northern,Bugesera,Ruhengeri,Kaduha,Village_298,UPI_298,722,Imyidyo,Inheritance,1535891,2020-10-24,-1.340785640064494,29.954700796244804,"POLYGON((0 0, 1 0, 1 1, 0 1, 0 0))"
Southern,Gisagara,Ngarama,Giharo,Village_299,UPI_299,721,Umurimo,Inheritance,1253494,2020-10-25,-1.677371255509656,29.70163821867003,"POLYGON((0 0, 1 0, 1 1, 0 1, 0 0))"
Eastern,Gicumbi,Nyakabanda,Mukarange,Village_300,UPI_300,2520,Gutura,Inheritance,9311785,2020-10-26,-2.400305011335592,29.72511959311819,"POLYGON((0 0, 1 0, 1 1, 0 1, 0 0))"
Kigali,Gasabo,Ruhengeri,Giharo,Village_301,UPI_301,1135,Ingano,Transfer by Voluntary Sale,9531370,2020-10-27,-1.350227425701123,30.611429051336437,"POLYGON((0 0, 1 0, 1 1, 0 1, 0 0))"
Kigali,Kicukiro,Nyakabanda,Nyabihu,Village_302,UPI_302,2430,Ingano,Inheritance,8111432,2020-10-28,-1.624429618402954,29.656358965595224,"POLYGON((0 0, 1 0, 1 1, 0 1, 0 0))"
Eastern,Bugesera,Ngarama,Mukarange,Village_303,UPI_303,4240,Umurimo,Transfer by Voluntary Sale,9656484,2020-10-29,-1.3270600342630612,29.418118747413693,"POLYGON((0 0, 1 0, 1 1, 0 1, 0 0))"
Kigali,Nyamasheke,Mushwere,Kaduha,Village_304,UPI_304,4783,Umurimo,Inheritance,4204697,2020-10-30,-1.3723795114062394,29.169376683750613,"POLYGON((0 0, 1 0, 1 1, 0 1, 0 0))"
Northern,Kicukiro,Gashora,Kaduha,Village_305,UPI_305,3897,Ingano,Transfer by Voluntary Sale,5777420,2020-10-31,-1.2954968920632444,29.933386241768815,"POLYGON((0 0, 1 0, 1 1, 0 1, 0 0))"
Southern,Nyamasheke,Mushwere,Mukarange,Village_306,UPI_306,3037,Gutura,Inheritance,5827580,2020-11-01,-1.7229879003930628,29.964264197839682,"POLYGON((0 0, 1 0, 1 1, 0 1, 0 0))"
Eastern,Gasabo,Ruhengeri,Biryogo,Village_307,UPI_307,4283,Ingano,Sale,7772003,2020-11-02,-2.2895132227097275,30.681817420805814,"POLYGON((0 0, 1 0, 1 1, 0 1, 0 0))"
Southern,Nyaruguru,Gashora,Mukarange,Village_308,UPI_308,2661,Imyidyo,Inheritance,2260511,2020-11-03,-1.493263789930467,29.44247739289213,"POLYGON((0 0, 1 0, 1 1, 0 1, 0 0))"
Kigali,Kicukiro,Ruhengeri,Nyabihu,Village_309,UPI_309,3443,Imyidyo,Inheritance,4041815,2020-11-04,-1.569289322422044,29.7619825473368,"POLYGON((0 0, 1 0, 1 1, 0 1, 0 0))"
Kigali,Gatsibo,Ngarama,Biryogo,Village_310,UPI_310,3559,Umurimo,Transfer by Voluntary Sale,8934610,2020-11-05,-1.3866202192013692,30.616811477787383,"POLYGON((0 0, 1 0, 1 1, 0 1, 0 0))"
Eastern,Nyamasheke,Gashora,Kaduha,Village_311,UPI_311,885,Gutura,Transfer by Voluntary Sale,7889844,2020-11-06,-2.245178490923897,30.647247221497945,"POLYGON((0 0, 1 0, 1 1, 0 1, 0 0))"
Northern,Gicumbi,Ruhengeri,Mukarange,Village_312,UPI_312,2360,Gutura,Inheritance,5110146,2020-11-07,-2.207537200149566,29.769222151957536,"POLYGON((0 0, 1 0, 1 1, 0 1, 0 0))"
Western,Gatsibo,Ngarama,Giharo,Village_313,UPI_313,4188,Imyidyo,Sale,9603947,2020-11-08,-1.1643857241710074,29.91824804657336,"POLYGON((0 0, 1 0, 1 1, 0 1, 0 0))"
Eastern,Nyamagabe,Mushwere,Giharo,Village_314,UPI_314,4266,Ingano,Sale,4639289,2020-11-09,-1.375033302321894,29.606571781698566,"POLYGON((0 0, 1 0, 1 1, 0 1, 0 0))"
Western,Nyamagabe,Ngarama,Nyabihu,Village_315,UPI_315,1767,Umurimo,Transfer by Voluntary Sale,5851826,2020-11-10,-1.1376572669495157,30.865109756838624,"POLYGON((0 0, 1 0, 1 1, 0 1, 0 0))"
Western,Bugesera,Nyakabanda,Giharo,Village_316,UPI_316,238,Ingano,Sale,6890459,2020-11-11,-1.361927018254119,29.23728753148316,"POLYGON((0 0, 1 0, 1 1, 0 1, 0 0))"
Northern,Nyaruguru,Ngarama,Mukarange,Village_317,UPI_317,2744,Ingano,Inheritance,2284006,2020-11-12,-1.6042670410145472,30.86749884600294,"POLYGON((0 0, 1 0, 1 1, 0 1, 0 0))"
Western,Gasabo,Ngarama,Mukarange,Village_318,UPI_318,1456,Ingano,Transfer by Voluntary Sale,6572310,2020-11-13,-1.5188008944581894,30.367732903670685,"POLYGON((0 0, 1 0, 1 1, 0 1, 0 0))"
Western,Kicukiro,Nyakabanda,Giharo,Village_319,UPI_319,3190,Gutura,Inheritance,5413478,2020-11-14,-1.1663081140899851,30.063144305373463,"POLYGON((0 0, 1 0, 1 1, 0 1, 0 0))"
Northern,Musanze,Ruhengeri,Mukarange,Village_320,UPI_320,2396,Imyidyo,Transfer by Voluntary Sale,9517497,2020-11-15,-1.6317898682320893,29.065318121568993,"POLYGON((0 0, 1 0, 1 1, 0 1, 0 0))"
Western,Gicumbi,Ruhengeri,Nyabihu,Village_321,UPI_321,3668,Gutura,Transfer by Voluntary Sale,8803143,2020-11-16,-1.551413013507419,29.951192383644017,"POLYGON((0 0, 1 0, 1 1, 0 1, 0 0))"
Western,Nyamasheke,Ngarama,Biryogo,Village_322,UPI_322,2908,Imyidyo,Transfer by Voluntary Sale,6853300,2020-11-17,-2.265284925994599,29.815496210005463,"POLYGON((0 0, 1 0, 1 1, 0 1, 0 0))"
Western,Gasabo,Nyakabanda,Nyabihu,Village_323,UPI_323,501,Umurimo,Transfer by Voluntary Sale,6468333,2020-11-18,-1.789118169825846,29.322437623950243,"POLYGON((0 0, 1 0, 1 1, 0 1, 0 0))"
Eastern,Gatsibo,Nyakabanda,Nyabihu,Village_324,UPI_324,846,Umurimo,Sale,9814387,2020-11-19,-1.4254043320628516,30.312819207001315,"POLYGON((0 0, 1 0, 1 1, 0 1, 0 0))"
Eastern,Nyamagabe,Mushwere,Mukarange,Village_325,UPI_325,4958,Ingano,Inheritance,6710958,2020-11-20,-2.093585952525452,30.94230181473657,"POLYGON((0 0, 1 0, 1 1, 0 1, 0 0))"
Eastern,Gicumbi,Ruhengeri,Biryogo,Village_326,UPI_326,1959,Imyidyo,Inheritance,7101457,2020-11-21,-2.196618729213198,30.12437762212905,"POLYGON((0 0, 1 0, 1 1, 0 1, 0 0))"
Northern,Musanze,Gashora,Mukarange,Village_327,UPI_327,4551,Imyidyo,Inheritance,7179155,2020-11-22,-2.029259787663377,30.42950655288789,"POLYGON((0 0, 1 0, 1 1, 0 1, 0 0))"
Kigali,Kicukiro,Ruhengeri,Kaduha,Village_328,UPI_328,797,Imyidyo,Transfer by Voluntary Sale,6237580,2020-11-23,-2.13774905801075,29.136900905132034,"POLYGON((0 0, 1 0, 1 1, 0 1, 0 0))"
Western,Bugesera,Ruhengeri,Mukarange,Village_329,UPI_329,861,Ingano,Sale,6025724,2020-11-24,-2.1776310444454063,29.835333991633988,"POLYGON((0 0, 1 0, 1 1, 0 1, 0 0))"
Western,Musanze,Mushwere,Mukarange,Village_330,UPI_330,4530,Ingano,Inheritance,6525095,2020-11-25,-1.8627237356978696,29.23271697032899,"POLYGON((0 0, 1 0, 1 1, 0 1, 0 0))"
Northern,Gicumbi,Gashora,Mukarange,Village_331,UPI_331,1568,Umurimo,Sale,725391,2020-11-26,-1.1382422291746987,30.22559167107302,"POLYGON((0 0, 1 0, 1 1, 0 1, 0 0))"
Western,Musanze,Mushwere,Biryogo,Village_332,UPI_332,2781,Gutura,Transfer by Voluntary Sale,7198541,2020-11-27,-1.7394105298919227,30.87696431642831,"POLYGON((0 0, 1 0, 1 1, 0 1, 0 0))"
Eastern,Gicumbi,Gashora,Mukarange,Village_333,UPI_333,4068,Imyidyo,Inheritance,691387,2020-11-28,-2.2181194287770154,30.323555464943276,"POLYGON((0 0, 1 0, 1 1, 0 1, 0 0))"
Kigali,Gicumbi,Ngarama,Biryogo,Village_334,UPI_334,3737,Imyidyo,Sale,4132632,2020-11-29,-2.384542495928689,29.15360609662884,"POLYGON((0 0, 1 0, 1 1, 0 1, 0 0))"
Southern,Gisagara,Gashora,Giharo,Village_335,UPI_335,4508,Gutura,Transfer by Voluntary Sale,5108474,2020-11-30,-1.455765782293112,29.709332409970166,"POLYGON((0 0, 1 0, 1 1, 0 1, 0 0))"
Western,Nyamasheke,Mushwere,Kaduha,Village_336,UPI_336,4758,Imyidyo,Sale,3035394,2020-12-01,-1.9258018533454182,30.101326758881704,"POLYGON((0 0, 1 0, 1 1, 0 1, 0 0))"
Eastern,Nyamagabe,Ruhengeri,Biryogo,Village_337,UPI_337,482,Ingano,Inheritance,6096526,2020-12-02,-1.267253580121961,29.806415512266504,"POLYGON((0 0, 1 0, 1 1, 0 1, 0 0))"
Southern,Gisagara,Gashora,Giharo,Village_338,UPI_338,3878,Ingano,Inheritance,3791070,2020-12-03,-1.5107338470388447,30.667288020950345,"POLYGON((0 0, 1 0, 1 1, 0 1, 0 0))"
Kigali,Kicukiro,Gashora,Biryogo,Village_339,UPI_339,1686,Imyidyo,Transfer by Voluntary Sale,1186268,2020-12-04,-1.3056378241879472,30.62934200941998,"POLYGON((0 0, 1 0, 1 1, 0 1, 0 0))"
Southern,Gisagara,Nyakabanda,Biryogo,Village_340,UPI_340,4282,Ingano,Transfer by Voluntary Sale,1301955,2020-12-05,-2.092080940872327,30.22366204020644,"POLYGON((0 0, 1 0, 1 1, 0 1, 0 0))"
Eastern,Nyaruguru,Ruhengeri,Kaduha,Village_341,UPI_341,4383,Ingano,Transfer by Voluntary Sale,9999617,2020-12-06,-1.4614616163084129,29.74691589026541,"POLYGON((0 0, 1 0, 1 1, 0 1, 0 0))"
Southern,Nyaruguru,Ngarama,Nyabihu,Village_342,UPI_342,660,Imyidyo,Sale,2513148,2020-12-07,-2.103907022959422,29.51067274752649,"POLYGON((0 0, 1 0, 1 1, 0 1, 0 0))"
Northern,Nyamagabe,Mushwere,Nyabihu,Village_343,UPI_343,2525,Umurimo,Sale,7335735,2020-12-08,-1.0913972808245627,29.211748636426258,"POLYGON((0 0, 1 0, 1 1, 0 1, 0 0))"
Southern,Musanze,Ngarama,Biryogo,Village_344,UPI_344,3954,Gutura,Sale,4967223,2020-12-09,-1.5454385776999384,29.709795366973108,"POLYGON((0 0, 1 0, 1 1, 0 1, 0 0))"
Western,Nyamasheke,Ruhengeri,Mukarange,Village_345,UPI_345,2668,Ingano,Transfer by Voluntary Sale,2944291,2020-12-10,-2.0132322997369867,29.82634503441544,"POLYGON((0 0, 1 0, 1 1, 0 1, 0 0))"
Western,Nyamagabe,Gashora,Giharo,Village_346,UPI_346,1924,Umurimo,Inheritance,647745,2020-12-11,-2.095732206561591,30.351645850208147,"POLYGON((0 0, 1 0, 1 1, 0 1, 0 0))"
Northern,Gicumbi,Gashora,Mukarange,Village_347,UPI_347,1576,Ingano,Inheritance,4292824,2020-12-12,-2.213610122392535,30.316319648595147,"POLYGON((0 0, 1 0, 1 1, 0 1, 0 0))"
Eastern,Gatsibo,Ruhengeri,Mukarange,Village_348,UPI_348,2943,Ingano,Sale,637686,2020-12-13,-1.4580385616594083,29.140216279282512,"POLYGON((0 0, 1 0, 1 1, 0 1, 0 0))"
Western,Nyamasheke,Gashora,Biryogo,Village_349,UPI_349,714,Gutura,Sale,5750295,2020-12-14,-2.171926580503109,29.790518630862316,"POLYGON((0 0, 1 0, 1 1, 0 1, 0 0))"
Kigali,Nyamasheke,Gashora,Biryogo,Village_350,UPI_350,902,Ingano,Inheritance,4651923,2020-12-15,-1.6070451011087665,29.363557734434725,"POLYGON((0 0, 1 0, 1 1, 0 1, 0 0))"
Western,Gicumbi,Gashora,Biryogo,Village_351,UPI_351,1853,Gutura,Inheritance,6179980,2020-12-16,-2.103047459611964,29.313625410633612,"POLYGON((0 0, 1 0, 1 1, 0 1, 0 0))"
Western,Gicumbi,Mushwere,Biryogo,Village_352,UPI_352,2266,Gutura,Sale,5649534,2020-12-17,-1.5070465828091972,30.654604299474492,"POLYGON((0 0, 1 0, 1 1, 0 1, 0 0))"
Eastern,Bugesera,Mushwere,Nyabihu,Village_353,UPI_353,222,Gutura,Sale,3814344,2020-12-18,-1.2775904071891913,29.083830433432514,"POLYGON((0 0, 1 0, 1 1, 0 1, 0 0))"
Southern,Nyamagabe,Nyakabanda,Biryogo,Village_354,UPI_354,2660,Umurimo,Inheritance,549976,2020-12-19,-1.3329621352830203,29.838365751804243,"POLYGON((0 0, 1 0, 1 1, 0 1, 0 0))"
Western,Gicumbi,Ngarama,Nyabihu,Village_355,UPI_355,1504,Imyidyo,Transfer by Voluntary Sale,3022620,2020-12-20,-1.3587230036038274,29.336407311533037,"POLYGON((0 0, 1 0, 1 1, 0 1, 0 0))"
Northern,Nyaruguru,Ruhengeri,Nyabihu,Village_356,UPI_356,3500,Umurimo,Sale,2527320,2020-12-21,-2.2184163914616217,30.758660431356947,"POLYGON((0 0, 1 0, 1 1, 0 1, 0 0))"
Southern,Kicukiro,Ruhengeri,Biryogo,Village_357,UPI_357,561,Imyidyo,Inheritance,2312105,2020-12-22,-2.3674225795232218,30.11408102655007,"POLYGON((0 0, 1 0, 1 1, 0 1, 0 0))"
Kigali,Gatsibo,Ruhengeri,Kaduha,Village_358,UPI_358,3927,Imyidyo,Inheritance,6261703,2020-12-23,-1.4515767572689215,29.462761272753696,"POLYGON((0 0, 1 0, 1 1, 0 1, 0 0))"
Eastern,Nyamagabe,Nyakabanda,Giharo,Village_359,UPI_359,1484,Gutura,Inheritance,2447238,2020-12-24,-1.947479179308473,30.004854574332754,"POLYGON((0 0, 1 0, 1 1, 0 1, 0 0))"
Kigali,Gasabo,Mushwere,Mukarange,Village_360,UPI_360,714,Ingano,Inheritance,6830034,2020-12-25,-1.8514806603949792,30.46297271940623,"POLYGON((0 0, 1 0, 1 1, 0 1, 0 0))"
Southern,Nyaruguru,Nyakabanda,Nyabihu,Village_361,UPI_361,648,Gutura,Transfer by Voluntary Sale,5309045,2020-12-26,-2.4532763608099133,30.916236017838866,"POLYGON((0 0, 1 0, 1 1, 0 1, 0 0))"
Southern,Musanze,Ruhengeri,Giharo,Village_362,UPI_362,2055,Ingano,Inheritance,9097467,2020-12-27,-2.110635326087426,29.440892008490838,"POLYGON((0 0, 1 0, 1 1, 0 1, 0 0))"
Southern,Gicumbi,Ngarama,Kaduha,Village_363,UPI_363,3762,Imyidyo,Sale,6902891,2020-12-28,-2.449485394188304,30.772363544258692,"POLYGON((0 0, 1 0, 1 1, 0 1, 0 0))"
Kigali,Gasabo,Gashora,Mukarange,Village_364,UPI_364,2720,Gutura,Transfer by Voluntary Sale,7531845,2020-12-29,-1.1812213410981285,30.86860822833498,"POLYGON((0 0, 1 0, 1 1, 0 1, 0 0))"
Southern,Gicumbi,Mushwere,Mukarange,Village_365,UPI_365,3281,Ingano,Inheritance,5894418,2020-12-30,-2.1349049751722045,30.832841089064132,"POLYGON((0 0, 1 0, 1 1, 0 1, 0 0))"
Kigali,Nyamasheke,Mushwere,Nyabihu,Village_366,UPI_366,1628,Umurimo,Transfer by Voluntary Sale,545475,2020-12-31,-1.663994245640488,30.27082871372382,"POLYGON((0 0, 1 0, 1 1, 0 1, 0 0))"
Southern,Nyaruguru,Nyakabanda,Biryogo,Village_367,UPI_367,4167,Ingano,Sale,8580552,2021-01-01,-2.4415310190083046,30.259641308869416,"POLYGON((0 0, 1 0, 1 1, 0 1, 0 0))"
Northern,Nyamasheke,Mushwere,Kaduha,Village_368,UPI_368,1122,Gutura,Inheritance,3803364,2021-01-02,-1.4997289130415128,29.806421266367646,"POLYGON((0 0, 1 0, 1 1, 0 1, 0 0))"
Southern,Bugesera,Ruhengeri,Nyabihu,Village_369,UPI_369,3337,Umurimo,Sale,5896364,2021-01-03,-2.0154589813688593,30.504795764607575,"POLYGON((0 0, 1 0, 1 1, 0 1, 0 0))"
Kigali,Nyamasheke,Ruhengeri,Kaduha,Village_370,UPI_370,2359,Ingano,Inheritance,3739254,2021-01-04,-1.1531212195635012,30.062588036701865,"POLYGON((0 0, 1 0, 1 1, 0 1, 0 0))"
Western,Bugesera,Nyakabanda,Biryogo,Village_371,UPI_371,2747,Ingano,Inheritance,1599577,2021-01-05,-1.1678227165989463,30.35487614245659,"POLYGON((0 0, 1 0, 1 1, 0 1, 0 0))"
Southern,Bugesera,Ruhengeri,Biryogo,Village_372,UPI_372,3179,Ingano,Inheritance,9732689,2021-01-06,-2.0120640724573784,29.85691580769759,"POLYGON((0 0, 1 0, 1 1, 0 1, 0 0))"
Western,Gasabo,Ngarama,Nyabihu,Village_373,UPI_373,2481,Ingano,Inheritance,6983485,2021-01-07,-1.1485586564642982,30.46299292808628,"POLYGON((0 0, 1 0, 1 1, 0 1, 0 0))"
Northern,Gicumbi,Nyakabanda,Biryogo,Village_374,UPI_374,2849,Ingano,Inheritance,5123037,2021-01-08,-1.0057634897518317,30.648943035209097,"POLYGON((0 0, 1 0, 1 1, 0 1, 0 0))"
Eastern,Musanze,Ngarama,Giharo,Village_375,UPI_375,513,Umurimo,Transfer by Voluntary Sale,7459972,2021-01-09,-1.261876503814078,29.292872513205634,"POLYGON((0 0, 1 0, 1 1, 0 1, 0 0))"
Northern,Nyamasheke,Gashora,Mukarange,Village_376,UPI_376,2813,Imyidyo,Inheritance,7732024,2021-01-10,-1.2326929783671565,30.665859431148455,"POLYGON((0 0, 1 0, 1 1, 0 1, 0 0))"
Southern,Nyaruguru,Ngarama,Nyabihu,Village_377,UPI_377,3283,Umurimo,Inheritance,2102970,2021-01-11,-2.126486895836365,30.080593063580615,"POLYGON((0 0, 1 0, 1 1, 0 1, 0 0))"
Western,Bugesera,Gashora,Kaduha,Village_378,UPI_378,2456,Umurimo,Transfer by Voluntary Sale,8691922,2021-01-12,-1.6349464017133655,30.68933181818045,"POLYGON((0 0, 1 0, 1 1, 0 1, 0 0))"
Western,Gicumbi,Gashora,Giharo,Village_379,UPI_379,1237,Umurimo,Transfer by Voluntary Sale,8774125,2021-01-13,-2.399116129048948,29.86260341268203,"POLYGON((0 0, 1 0, 1 1, 0 1, 0 0))"
Kigali,Gatsibo,Ngarama,Nyabihu,Village_380,UPI_380,3689,Imyidyo,Transfer by Voluntary Sale,2031064,2021-01-14,-2.3576230947674954,29.75808097076607,"POLYGON((0 0, 1 0, 1 1, 0 1, 0 0))"
Western,Nyamagabe,Nyakabanda,Biryogo,Village_381,UPI_381,2834,Gutura,Transfer by Voluntary Sale,4911887,2021-01-15,-1.001661081950064,30.830121465034445,"POLYGON((0 0, 1 0, 1 1, 0 1, 0 0))"
Kigali,Gasabo,Ruhengeri,Biryogo,Village_382,UPI_382,4183,Imyidyo,Transfer by Voluntary Sale,9115797,2021-01-16,-2.0100411258611337,29.502338535096804,"POLYGON((0 0, 1 0, 1 1, 0 1, 0 0))"
Eastern,Musanze,Ruhengeri,Biryogo,Village_383,UPI_383,1978,Umurimo,Transfer by Voluntary Sale,2576198,2021-01-17,-1.3777241319267304,30.688424650572287,"POLYGON((0 0, 1 0, 1 1, 0 1, 0 0))"
Southern,Gisagara,Gashora,Biryogo,Village_384,UPI_384,4095,Ingano,Inheritance,7966511,2021-01-18,-1.2900024204597753,29.96804114501881,"POLYGON((0 0, 1 0, 1 1, 0 1, 0 0))"
Kigali,Gasabo,Gashora,Kaduha,Village_385,UPI_385,1324,Ingano,Inheritance,1968919,2021-01-19,-1.2129650934891563,30.028190885102518,"POLYGON((0 0, 1 0, 1 1, 0 1, 0 0))"
Eastern,Gatsibo,Nyakabanda,Giharo,Village_386,UPI_386,897,Umurimo,Sale,3781941,2021-01-20,-1.0035575538967652,29.616936562978967,"POLYGON((0 0, 1 0, 1 1, 0 1, 0 0))"
Western,Nyamagabe,Mushwere,Mukarange,Village_387,UPI_387,2379,Ingano,Inheritance,3910580,2021-01-21,-2.137755272114698,30.14608440123803,"POLYGON((0 0, 1 0, 1 1, 0 1, 0 0))"
Western,Gatsibo,Ngarama,Kaduha,Village_388,UPI_388,1604,Umurimo,Inheritance,5499111,2021-01-22,-2.4394737597104506,29.65042239255242,"POLYGON((0 0, 1 0, 1 1, 0 1, 0 0))"
Eastern,Nyamasheke,Gashora,Kaduha,Village_389,UPI_389,1243,Ingano,Transfer by Voluntary Sale,4185104,2021-01-23,-1.883212723008121,29.078538828483303,"POLYGON((0 0, 1 0, 1 1, 0 1, 0 0))"
Western,Bugesera,Ruhengeri,Mukarange,Village_390,UPI_390,2129,Imyidyo,Transfer by Voluntary Sale,8159791,2021-01-24,-2.30487899525658,29.543997210688712,"POLYGON((0 0, 1 0, 1 1, 0 1, 0 0))"
Eastern,Musanze,Nyakabanda,Mukarange,Village_391,UPI_391,1213,Gutura,Inheritance,1920858,2021-01-25,-2.466361166256917,29.012758086813182,"POLYGON((0 0, 1 0, 1 1, 0 1, 0 0))"
Kigali,Kicukiro,Ngarama,Biryogo,Village_392,UPI_392,426,Gutura,Sale,2248982,2021-01-26,-1.959359759287771,30.956709574113713,"POLYGON((0 0, 1 0, 1 1, 0 1, 0 0))"
Kigali,Bugesera,Nyakabanda,Kaduha,Village_393,UPI_393,2028,Imyidyo,Transfer by Voluntary Sale,7063614,2021-01-27,-1.3243926233871455,30.931494419639495,"POLYGON((0 0, 1 0, 1 1, 0 1, 0 0))"
Eastern,Kicukiro,Ngarama,Nyabihu,Village_394,UPI_394,2223,Imyidyo,Inheritance,5396799,2021-01-28,-1.6507289631623938,29.79031059494461,"POLYGON((0 0, 1 0, 1 1, 0 1, 0 0))"
Kigali,Nyamagabe,Ngarama,Mukarange,Village_395,UPI_395,2652,Umurimo,Inheritance,8966685,2021-01-29,-2.0308330161844688,30.456741708679292,"POLYGON((0 0, 1 0, 1 1, 0 1, 0 0))"
Kigali,Gicumbi,Gashora,Mukarange,Village_396,UPI_396,2285,Umurimo,Sale,7979816,2021-01-30,-1.5184869917609205,29.69161219682085,"POLYGON((0 0, 1 0, 1 1, 0 1, 0 0))"
Kigali,Gisagara,Nyakabanda,Giharo,Village_397,UPI_397,4483,Umurimo,Sale,6507509,2021-01-31,-2.151972729536784,30.34218631417195,"POLYGON((0 0, 1 0, 1 1, 0 1, 0 0))"
Northern,Nyaruguru,Nyakabanda,Nyabihu,Village_398,UPI_398,1280,Ingano,Transfer by Voluntary Sale,4945818,2021-02-01,-2.4784278308918726,30.610860086091957,"POLYGON((0 0, 1 0, 1 1, 0 1, 0 0))"
Southern,Bugesera,Ruhengeri,Nyabihu,Village_399,UPI_399,2520,Umurimo,Sale,5622964,2021-02-02,-1.353469920345359,30.89351248938448,"POLYGON((0 0, 1 0, 1 1, 0 1, 0 0))"
Western,Musanze,Ruhengeri,Mukarange,Village_400,UPI_400,3390,Imyidyo,Inheritance,6933636,2021-02-03,-1.5643853727039865,29.800424551699344,"POLYGON((0 0, 1 0, 1 1, 0 1, 0 0))"
Northern,Gatsibo,Gashora,Biryogo,Village_401,UPI_401,2830,Gutura,Inheritance,4595077,2021-02-04,-1.35654606324856,30.566595965912096,"POLYGON((0 0, 1 0, 1 1, 0 1, 0 0))"
Kigali,Musanze,Gashora,Giharo,Village_402,UPI_402,2763,Ingano,Sale,9672800,2021-02-05,-2.4415929749685015,29.531856901264238,"POLYGON((0 0, 1 0, 1 1, 0 1, 0 0))"
Eastern,Nyamagabe,Mushwere,Nyabihu,Village_403,UPI_403,3492,Umurimo,Sale,6763998,2021-02-06,-1.2443205582540218,30.980664607587297,"POLYGON((0 0, 1 0, 1 1, 0 1, 0 0))"
Kigali,Kicukiro,Ruhengeri,Mukarange,Village_404,UPI_404,4821,Ingano,Sale,5130232,2021-02-07,-1.5707106999455451,29.0515391975287,"POLYGON((0 0, 1 0, 1 1, 0 1, 0 0))"
Southern,Gatsibo,Ngarama,Nyabihu,Village_405,UPI_405,3786,Ingano,Sale,1420114,2021-02-08,-1.6549069739310398,30.20705761300224,"POLYGON((0 0, 1 0, 1 1, 0 1, 0 0))"
Kigali,Nyaruguru,Nyakabanda,Giharo,Village_406,UPI_406,4631,Umurimo,Transfer by Voluntary Sale,9490499,2021-02-09,-1.5630789278282027,30.319011963302653,"POLYGON((0 0, 1 0, 1 1, 0 1, 0 0))"
Eastern,Nyaruguru,Gashora,Giharo,Village_407,UPI_407,3147,Ingano,Sale,8647047,2021-02-10,-1.2033501296974538,30.37609111414826,"POLYGON((0 0, 1 0, 1 1, 0 1, 0 0))"
Southern,Bugesera,Nyakabanda,Kaduha,Village_408,UPI_408,4159,Gutura,Transfer by Voluntary Sale,2682926,2021-02-11,-1.6195952401616394,29.240775157578177,"POLYGON((0 0, 1 0, 1 1, 0 1, 0 0))"
Kigali,Nyamagabe,Nyakabanda,Mukarange,Village_409,UPI_409,3013,Imyidyo,Inheritance,2985670,2021-02-12,-1.628574430167731,30.87705956694626,"POLYGON((0 0, 1 0, 1 1, 0 1, 0 0))"
Southern,Gicumbi,Mushwere,Giharo,Village_410,UPI_410,2783,Imyidyo,Sale,3844250,2021-02-13,-1.0139812644013513,29.362366558100167,"POLYGON((0 0, 1 0, 1 1, 0 1, 0 0))"
Western,Nyamagabe,Ruhengeri,Kaduha,Village_411,UPI_411,361,Gutura,Transfer by Voluntary Sale,4523278,2021-02-14,-1.364904749397148,30.245506806479682,"POLYGON((0 0, 1 0, 1 1, 0 1, 0 0))"
Western,Kicukiro,Gashora,Kaduha,Village_412,UPI_412,793,Ingano,Sale,1037977,2021-02-15,-1.8365592918232971,29.44535215824617,"POLYGON((0 0, 1 0, 1 1, 0 1, 0 0))"
Kigali,Musanze,Nyakabanda,Nyabihu,Village_413,UPI_413,3459,Umurimo,Inheritance,4168280,2021-02-16,-1.4389044999506084,29.614432834042542,"POLYGON((0 0, 1 0, 1 1, 0 1, 0 0))"
Southern,Nyaruguru,Gashora,Nyabihu,Village_414,UPI_414,4355,Ingano,Inheritance,3223408,2021-02-17,-1.9161542924623172,30.09291708345625,"POLYGON((0 0, 1 0, 1 1, 0 1, 0 0))"
Eastern,Musanze,Ngarama,Kaduha,Village_415,UPI_415,3162,Gutura,Inheritance,5284808,2021-02-18,-2.1566868062747515,29.834386837129152,"POLYGON((0 0, 1 0, 1 1, 0 1, 0 0))"
Kigali,Musanze,Mushwere,Nyabihu,Village_416,UPI_416,4088,Ingano,Sale,7137640,2021-02-19,-1.6047221846683608,29.320451201953013,"POLYGON((0 0, 1 0, 1 1, 0 1, 0 0))"
Western,Musanze,Ngarama,Giharo,Village_417,UPI_417,3590,Imyidyo,Sale,7337388,2021-02-20,-1.1077268528290727,29.341872804841696,"POLYGON((0 0, 1 0, 1 1, 0 1, 0 0))"
Western,Nyaruguru,Gashora,Biryogo,Village_418,UPI_418,4701,Ingano,Transfer by Voluntary Sale,5154419,2021-02-21,-1.106290719976806,29.836289576325598,"POLYGON((0 0, 1 0, 1 1, 0 1, 0 0))"
Kigali,Gasabo,Gashora,Giharo,Village_419,UPI_419,863,Gutura,Inheritance,8930899,2021-02-22,-1.9871420828417645,30.514565956551003,"POLYGON((0 0, 1 0, 1 1, 0 1, 0 0))"
Southern,Nyamasheke,Ruhengeri,Kaduha,Village_420,UPI_420,1332,Imyidyo,Sale,5122580,2021-02-23,-1.7084838006674574,30.795929293695576,"POLYGON((0 0, 1 0, 1 1, 0 1, 0 0))"
Western,Kicukiro,Nyakabanda,Kaduha,Village_421,UPI_421,741,Ingano,Inheritance,5089058,2021-02-24,-2.1825461521452083,29.168255324518764,"POLYGON((0 0, 1 0, 1 1, 0 1, 0 0))"
Southern,Gasabo,Nyakabanda,Giharo,Village_422,UPI_422,3174,Ingano,Inheritance,7745136,2021-02-25,-1.0065533357516747,29.786207815118804,"POLYGON((0 0, 1 0, 1 1, 0 1, 0 0))"
Western,Kicukiro,Ngarama,Nyabihu,Village_423,UPI_423,1067,Imyidyo,Transfer by Voluntary Sale,8879966,2021-02-26,-1.0283231381980964,29.200491127445755,"POLYGON((0 0, 1 0, 1 1, 0 1, 0 0))"
Western,Gatsibo,Mushwere,Nyabihu,Village_424,UPI_424,2266,Umurimo,Transfer by Voluntary Sale,2622827,2021-02-27,-1.525736605438829,29.033184961265196,"POLYGON((0 0, 1 0, 1 1, 0 1, 0 0))"
Northern,Nyamagabe,Nyakabanda,Kaduha,Village_425,UPI_425,631,Imyidyo,Transfer by Voluntary Sale,7932300,2021-02-28,-1.2933789104837898,30.323437365287912,"POLYGON((0 0, 1 0, 1 1, 0 1, 0 0))"
Western,Nyamagabe,Ruhengeri,Mukarange,Village_426,UPI_426,4478,Umurimo,Transfer by Voluntary Sale,8137174,2021-03-01,-1.4273497580744499,30.204898883933176,"POLYGON((0 0, 1 0, 1 1, 0 1, 0 0))"
Eastern,Gisagara,Ngarama,Nyabihu,Village_427,UPI_427,1406,Gutura,Inheritance,1208672,2021-03-02,-1.6102626714407977,29.326038227629773,"POLYGON((0 0, 1 0, 1 1, 0 1, 0 0))"
Kigali,Nyamagabe,Ngarama,Giharo,Village_428,UPI_428,2728,Gutura,Transfer by Voluntary Sale,7421154,2021-03-03,-2.4199780045166532,29.467625666186127,"POLYGON((0 0, 1 0, 1 1, 0 1, 0 0))"
Kigali,Nyaruguru,Ruhengeri,Nyabihu,Village_429,UPI_429,1369,Imyidyo,Transfer by Voluntary Sale,9225977,2021-03-04,-1.8178534861710083,29.04741550728904,"POLYGON((0 0, 1 0, 1 1, 0 1, 0 0))"
Southern,Gicumbi,Mushwere,Giharo,Village_430,UPI_430,1030,Imyidyo,Transfer by Voluntary Sale,5007167,2021-03-05,-1.487820546748884,30.669894411388807,"POLYGON((0 0, 1 0, 1 1, 0 1, 0 0))"
Western,Bugesera,Ruhengeri,Kaduha,Village_431,UPI_431,1851,Gutura,Transfer by Voluntary Sale,2727039,2021-03-06,-1.483702579174473,30.949381192097103,"POLYGON((0 0, 1 0, 1 1, 0 1, 0 0))"
Eastern,Gisagara,Mushwere,Nyabihu,Village_432,UPI_432,1336,Umurimo,Inheritance,796063,2021-03-07,-1.9403160723664246,29.270919073589383,"POLYGON((0 0, 1 0, 1 1, 0 1, 0 0))"
Southern,Bugesera,Ruhengeri,Giharo,Village_433,UPI_433,3010,Gutura,Transfer by Voluntary Sale,1883875,2021-03-08,-1.0874620200129541,29.462950427530597,"POLYGON((0 0, 1 0, 1 1, 0 1, 0 0))"
Northern,Kicukiro,Ruhengeri,Kaduha,Village_434,UPI_434,675,Imyidyo,Inheritance,7125169,2021-03-09,-2.2489644516448286,30.736819047893867,"POLYGON((0 0, 1 0, 1 1, 0 1, 0 0))"
Southern,Bugesera,Gashora,Mukarange,Village_435,UPI_435,3010,Gutura,Sale,2376336,2021-03-10,-1.749460830676659,30.85292759591237,"POLYGON((0 0, 1 0, 1 1, 0 1, 0 0))"
Southern,Bugesera,Ngarama,Giharo,Village_436,UPI_436,1526,Imyidyo,Inheritance,8041586,2021-03-11,-1.4636740351737658,29.83925476561362,"POLYGON((0 0, 1 0, 1 1, 0 1, 0 0))"
Western,Gisagara,Ruhengeri,Mukarange,Village_437,UPI_437,1219,Imyidyo,Inheritance,4456778,2021-03-12,-1.454296291162286,29.10124494453815,"POLYGON((0 0, 1 0, 1 1, 0 1, 0 0))"
Northern,Gatsibo,Ruhengeri,Mukarange,Village_438,UPI_438,2036,Gutura,Transfer by Voluntary Sale,3387757,2021-03-13,-1.5270415648467766,29.07878366738564,"POLYGON((0 0, 1 0, 1 1, 0 1, 0 0))"
Southern,Musanze,Nyakabanda,Biryogo,Village_439,UPI_439,4456,Umurimo,Sale,2968665,2021-03-14,-2.08706767982221,30.147899732138022,"POLYGON((0 0, 1 0, 1 1, 0 1, 0 0))"
Eastern,Nyamagabe,Ngarama,Nyabihu,Village_440,UPI_440,2648,Ingano,Sale,6972973,2021-03-15,-2.265690146970067,29.785790217786356,"POLYGON((0 0, 1 0, 1 1, 0 1, 0 0))"
Eastern,Nyamagabe,Nyakabanda,Giharo,Village_441,UPI_441,4493,Gutura,Sale,1192924,2021-03-16,-1.5460895097599336,29.05730485515531,"POLYGON((0 0, 1 0, 1 1, 0 1, 0 0))"
Kigali,Nyaruguru,Ngarama,Mukarange,Village_442,UPI_442,1483,Ingano,Sale,3070115,2021-03-17,-1.6010468257908435,30.166504784625115,"POLYGON((0 0, 1 0, 1 1, 0 1, 0 0))"
Northern,Gisagara,Nyakabanda,Biryogo,Village_443,UPI_443,859,Gutura,Inheritance,2161655,2021-03-18,-2.2309659845661387,29.022605073178045,"POLYGON((0 0, 1 0, 1 1, 0 1, 0 0))"
Northern,Nyaruguru,Ruhengeri,Kaduha,Village_444,UPI_444,2210,Ingano,Sale,7999066,2021-03-19,-1.442291281644155,30.574743916298544,"POLYGON((0 0, 1 0, 1 1, 0 1, 0 0))"
Kigali,Gicumbi,Ruhengeri,Giharo,Village_445,UPI_445,598,Umurimo,Inheritance,5172412,2021-03-20,-1.8172420123995154,29.612865645406742,"POLYGON((0 0, 1 0, 1 1, 0 1, 0 0))"
Southern,Gicumbi,Gashora,Mukarange,Village_446,UPI_446,1933,Umurimo,Inheritance,3600498,2021-03-21,-1.4983591125952707,29.080516006018463,"POLYGON((0 0, 1 0, 1 1, 0 1, 0 0))"
Northern,Nyaruguru,Nyakabanda,Nyabihu,Village_447,UPI_447,2325,Gutura,Inheritance,9912528,2021-03-22,-1.243949380344774,30.176704441966308,"POLYGON((0 0, 1 0, 1 1, 0 1, 0 0))"
Eastern,Gisagara,Mushwere,Biryogo,Village_448,UPI_448,2371,Imyidyo,Sale,7681479,2021-03-23,-2.2454073571346154,29.79536882886611,"POLYGON((0 0, 1 0, 1 1, 0 1, 0 0))"
Eastern,Nyaruguru,Gashora,Mukarange,Village_449,UPI_449,274,Ingano,Transfer by Voluntary Sale,4311666,2021-03-24,-2.471282698004745,30.9476008267143,"POLYGON((0 0, 1 0, 1 1, 0 1, 0 0))"
Western,Nyamagabe,Nyakabanda,Nyabihu,Village_450,UPI_450,4897,Imyidyo,Transfer by Voluntary Sale,4319712,2021-03-25,-1.33134612040632,30.088397325007403,"POLYGON((0 0, 1 0, 1 1, 0 1, 0 0))"
Northern,Gasabo,Nyakabanda,Mukarange,Village_451,UPI_451,3671,Imyidyo,Sale,1533668,2021-03-26,-1.585453862271076,29.550478362074017,"POLYGON((0 0, 1 0, 1 1, 0 1, 0 0))"
Southern,Nyamasheke,Gashora,Giharo,Village_452,UPI_452,1036,Imyidyo,Transfer by Voluntary Sale,8212079,2021-03-27,-1.4505406455668175,30.41887772926795,"POLYGON((0 0, 1 0, 1 1, 0 1, 0 0))"
Kigali,Bugesera,Ruhengeri,Giharo,Village_453,UPI_453,699,Umurimo,Transfer by Voluntary Sale,6104327,2021-03-28,-1.2427675375170362,29.542984005085422,"POLYGON((0 0, 1 0, 1 1, 0 1, 0 0))"
Kigali,Nyamasheke,Nyakabanda,Giharo,Village_454,UPI_454,337,Gutura,Inheritance,2973199,2021-03-29,-1.2957835977632493,30.80848658281513,"POLYGON((0 0, 1 0, 1 1, 0 1, 0 0))"
Southern,Gisagara,Ruhengeri,Biryogo,Village_455,UPI_455,2297,Gutura,Inheritance,8771330,2021-03-30,-1.058619779606763,29.749443941014754,"POLYGON((0 0, 1 0, 1 1, 0 1, 0 0))"
Western,Nyamasheke,Gashora,Giharo,Village_456,UPI_456,3896,Umurimo,Sale,9186283,2021-03-31,-1.6960973817218226,30.09973712555241,"POLYGON((0 0, 1 0, 1 1, 0 1, 0 0))"
Kigali,Gicumbi,Ruhengeri,Nyabihu,Village_457,UPI_457,2085,Umurimo,Sale,1208175,2021-04-01,-1.767256551010142,29.10114620764846,"POLYGON((0 0, 1 0, 1 1, 0 1, 0 0))"
Northern,Kicukiro,Ngarama,Mukarange,Village_458,UPI_458,2957,Gutura,Transfer by Voluntary Sale,2367306,2021-04-02,-1.897169200163905,29.85224247590446,"POLYGON((0 0, 1 0, 1 1, 0 1, 0 0))"
Western,Bugesera,Mushwere,Kaduha,Village_459,UPI_459,4120,Imyidyo,Inheritance,9152233,2021-04-03,-2.269463435733693,30.66472707932199,"POLYGON((0 0, 1 0, 1 1, 0 1, 0 0))"
Northern,Musanze,Nyakabanda,Nyabihu,Village_460,UPI_460,2100,Ingano,Sale,1342840,2021-04-04,-1.6410891506769665,30.611297610726684,"POLYGON((0 0, 1 0, 1 1, 0 1, 0 0))"
Eastern,Gisagara,Mushwere,Nyabihu,Village_461,UPI_461,2810,Ingano,Sale,4894643,2021-04-05,-2.0844812135110318,29.44863711770705,"POLYGON((0 0, 1 0, 1 1, 0 1, 0 0))"
Western,Bugesera,Ruhengeri,Giharo,Village_462,UPI_462,4186,Ingano,Sale,6389118,2021-04-06,-1.118038731680537,29.452158142021126,"POLYGON((0 0, 1 0, 1 1, 0 1, 0 0))"
Kigali,Nyamasheke,Nyakabanda,Biryogo,Village_463,UPI_463,1649,Imyidyo,Sale,5628643,2021-04-07,-1.6252137935843536,30.63461062442647,"POLYGON((0 0, 1 0, 1 1, 0 1, 0 0))"
Western,Gicumbi,Ruhengeri,Mukarange,Village_464,UPI_464,746,Gutura,Sale,625355,2021-04-08,-1.6107397292378347,30.86079684033865,"POLYGON((0 0, 1 0, 1 1, 0 1, 0 0))"
Western,Gatsibo,Ngarama,Biryogo,Village_465,UPI_465,4876,Umurimo,Sale,4722102,2021-04-09,-1.967613008684485,29.190721842546008,"POLYGON((0 0, 1 0, 1 1, 0 1, 0 0))"
Western,Gasabo,Gashora,Mukarange,Village_466,UPI_466,2203,Gutura,Transfer by Voluntary Sale,1115937,2021-04-10,-2.4220159720334387,29.900117278852452,"POLYGON((0 0, 1 0, 1 1, 0 1, 0 0))"
Western,Musanze,Nyakabanda,Mukarange,Village_467,UPI_467,2296,Imyidyo,Inheritance,1875607,2021-04-11,-2.452384351940517,29.674908557928457,"POLYGON((0 0, 1 0, 1 1, 0 1, 0 0))"
Northern,Gasabo,Ngarama,Biryogo,Village_468,UPI_468,903,Umurimo,Inheritance,519477,2021-04-12,-1.8649972837702038,30.74137691091488,"POLYGON((0 0, 1 0, 1 1, 0 1, 0 0))"
Eastern,Bugesera,Ngarama,Nyabihu,Village_469,UPI_469,2603,Imyidyo,Sale,4056210,2021-04-13,-2.3731519328541433,29.16704982936004,"POLYGON((0 0, 1 0, 1 1, 0 1, 0 0))"
Southern,Gicumbi,Nyakabanda,Mukarange,Village_470,UPI_470,1825,Ingano,Inheritance,7008856,2021-04-14,-1.5897295666897913,29.422251885116076,"POLYGON((0 0, 1 0, 1 1, 0 1, 0 0))"
Western,Gicumbi,Ruhengeri,Biryogo,Village_471,UPI_471,3531,Ingano,Inheritance,2987111,2021-04-15,-1.178540491540514,30.50493667517299,"POLYGON((0 0, 1 0, 1 1, 0 1, 0 0))"
Kigali,Nyamasheke,Ngarama,Mukarange,Village_472,UPI_472,4933,Imyidyo,Inheritance,2509606,2021-04-16,-1.1756277752219169,29.10258769796243,"POLYGON((0 0, 1 0, 1 1, 0 1, 0 0))"
Western,Nyamagabe,Mushwere,Kaduha,Village_473,UPI_473,3178,Umurimo,Sale,2059757,2021-04-17,-1.5114318848016515,29.985070761428577,"POLYGON((0 0, 1 0, 1 1, 0 1, 0 0))"
Kigali,Nyamasheke,Ngarama,Nyabihu,Village_474,UPI_474,4936,Umurimo,Sale,7815830,2021-04-18,-2.1831522527906033,29.88421406935944,"POLYGON((0 0, 1 0, 1 1, 0 1, 0 0))"
Northern,Nyamagabe,Ruhengeri,Giharo,Village_475,UPI_475,3039,Gutura,Inheritance,6656738,2021-04-19,-1.205504752961692,29.668802357977498,"POLYGON((0 0, 1 0, 1 1, 0 1, 0 0))"
Kigali,Nyamagabe,Ruhengeri,Mukarange,Village_476,UPI_476,3584,Ingano,Inheritance,3932207,2021-04-20,-1.1708598470301879,29.789144630637846,"POLYGON((0 0, 1 0, 1 1, 0 1, 0 0))"
Southern,Musanze,Mushwere,Kaduha,Village_477,UPI_477,2859,Gutura,Sale,6671638,2021-04-21,-2.205019622570562,30.059881173860465,"POLYGON((0 0, 1 0, 1 1, 0 1, 0 0))"
Eastern,Nyamasheke,Ngarama,Giharo,Village_478,UPI_478,2061,Gutura,Transfer by Voluntary Sale,2381297,2021-04-22,-1.3938608713439842,29.322734716776765,"POLYGON((0 0, 1 0, 1 1, 0 1, 0 0))"
Kigali,Gatsibo,Ruhengeri,Giharo,Village_479,UPI_479,3056,Imyidyo,Inheritance,6583059,2021-04-23,-2.0702206766093156,30.143991756567186,"POLYGON((0 0, 1 0, 1 1, 0 1, 0 0))"
Kigali,Nyaruguru,Nyakabanda,Mukarange,Village_480,UPI_480,885,Imyidyo,Transfer by Voluntary Sale,9712367,2021-04-24,-1.2960395314706055,30.610864658599972,"POLYGON((0 0, 1 0, 1 1, 0 1, 0 0))"
Eastern,Nyaruguru,Gashora,Biryogo,Village_481,UPI_481,4483,Gutura,Inheritance,5029275,2021-04-25,-1.0041431501445959,30.520321859580317,"POLYGON((0 0, 1 0, 1 1, 0 1, 0 0))"
Southern,Nyamasheke,Gashora,Mukarange,Village_482,UPI_482,1819,Ingano,Transfer by Voluntary Sale,9019792,2021-04-26,-2.454960992005911,29.307799809387546,"POLYGON((0 0, 1 0, 1 1, 0 1, 0 0))"
Western,Nyamasheke,Gashora,Kaduha,Village_483,UPI_483,4843,Imyidyo,Transfer by Voluntary Sale,1635627,2021-04-27,-1.1539512013136022,29.298498939482947,"POLYGON((0 0, 1 0, 1 1, 0 1, 0 0))"
Kigali,Gasabo,Ngarama,Giharo,Village_484,UPI_484,1631,Gutura,Transfer by Voluntary Sale,745300,2021-04-28,-1.566054199602013,29.536348735489828,"POLYGON((0 0, 1 0, 1 1, 0 1, 0 0))"
Eastern,Musanze,Mushwere,Mukarange,Village_485,UPI_485,1075,Gutura,Sale,9472618,2021-04-29,-1.0399260712527683,29.722149452682075,"POLYGON((0 0, 1 0, 1 1, 0 1, 0 0))"
Northern,Nyamasheke,Ruhengeri,Biryogo,Village_486,UPI_486,4913,Gutura,Transfer by Voluntary Sale,592036,2021-04-30,-1.8024857237103586,29.816911162816965,"POLYGON((0 0, 1 0, 1 1, 0 1, 0 0))"
Eastern,Gasabo,Nyakabanda,Mukarange,Village_487,UPI_487,2661,Gutura,Transfer by Voluntary Sale,6495802,2021-05-01,-1.2289181041429393,30.35939443366669,"POLYGON((0 0, 1 0, 1 1, 0 1, 0 0))"
Northern,Nyamagabe,Nyakabanda,Nyabihu,Village_488,UPI_488,1565,Gutura,Transfer by Voluntary Sale,6939051,2021-05-02,-2.406408897102584,29.11336086433167,"POLYGON((0 0, 1 0, 1 1, 0 1, 0 0))"
Southern,Gicumbi,Ngarama,Biryogo,Village_489,UPI_489,1443,Gutura,Inheritance,1353392,2021-05-03,-1.9970814248825564,29.069345408452133,"POLYGON((0 0, 1 0, 1 1, 0 1, 0 0))"
Western,Gicumbi,Gashora,Kaduha,Village_490,UPI_490,362,Imyidyo,Transfer by Voluntary Sale,6515877,2021-05-04,-2.399475193373185,29.78382112588782,"POLYGON((0 0, 1 0, 1 1, 0 1, 0 0))"
Eastern,Nyamagabe,Ngarama,Giharo,Village_491,UPI_491,2174,Ingano,Inheritance,9170304,2021-05-05,-1.0369852997813942,30.39432738427596,"POLYGON((0 0, 1 0, 1 1, 0 1, 0 0))"
Kigali,Gisagara,Mushwere,Mukarange,Village_492,UPI_492,3491,Gutura,Transfer by Voluntary Sale,4162340,2021-05-06,-1.274539139092245,29.386870685912964,"POLYGON((0 0, 1 0, 1 1, 0 1, 0 0))"
Southern,Gasabo,Mushwere,Biryogo,Village_493,UPI_493,469,Umurimo,Transfer by Voluntary Sale,9878637,2021-05-07,-1.2211788681310443,30.283008962512504,"POLYGON((0 0, 1 0, 1 1, 0 1, 0 0))"
Eastern,Gasabo,Ruhengeri,Nyabihu,Village_494,UPI_494,831,Imyidyo,Sale,654692,2021-05-08,-1.0930521528491588,29.5196562758806,"POLYGON((0 0, 1 0, 1 1, 0 1, 0 0))"
Kigali,Nyamagabe,Ruhengeri,Biryogo,Village_495,UPI_495,1105,Imyidyo,Inheritance,8862101,2021-05-09,-2.372344770820322,30.772172217627034,"POLYGON((0 0, 1 0, 1 1, 0 1, 0 0))"
Eastern,Gatsibo,Mushwere,Nyabihu,Village_496,UPI_496,3671,Gutura,Transfer by Voluntary Sale,4957335,2021-05-10,-1.92160361123,30.791379888533232,"POLYGON((0 0, 1 0, 1 1, 0 1, 0 0))"
Northern,Kicukiro,Mushwere,Kaduha,Village_497,UPI_497,3453,Imyidyo,Inheritance,2157888,2021-05-11,-2.393447666433997,29.594574408562654,"POLYGON((0 0, 1 0, 1 1, 0 1, 0 0))"
Eastern,Bugesera,Mushwere,Giharo,Village_498,UPI_498,2214,Gutura,Inheritance,3085917,2021-05-12,-2.183810347674957,29.45998750792648,"POLYGON((0 0, 1 0, 1 1, 0 1, 0 0))"
Eastern,Nyamagabe,Ngarama,Kaduha,Village_499,UPI_499,1841,Ingano,Sale,8610129,2021-05-13,-2.1559513344434915,29.822607944132464,"POLYGON((0 0, 1 0, 1 1, 0 1, 0 0))"
Eastern,Nyamasheke,Mushwere,Mukarange,Village_500,UPI_500,404,Ingano,Sale,6647560,2021-05-14,-1.796339183428632,29.481063170360297,"POLYGON((0 0, 1 0, 1 1, 0 1, 0 0))"
